path,label
data/asvspoof2019/LA/LA/ASVspoof2019_LA_train/flac/LA_T_3891170.flac,bonafide
data/asvspoof2019/LA/LA/ASVspoof2019_LA_train/flac/LA_T_2948101.flac,bonafide
data/asvspoof2019/LA/LA/ASVspoof2019_LA_train/flac/LA_T_8919107.flac,bonafide
data/asvspoof2019/LA/LA/ASVspoof2019_LA_train/flac/LA_T_6650735.flac,bonafide
data/asvspoof2019/LA/LA/ASVspoof2019_LA_train/flac/LA_T_5362691.flac,bonafide
data/asvspoof2019/LA/LA/ASVspoof2019_LA_train/flac/LA_T_9132181.flac,bonafide
data/asvspoof2019/LA/LA/ASVspoof2019_LA_train/flac/LA_T_3517700.flac,bonafide
data/asvspoof2019/LA/LA/ASVspoof2019_LA_train/flac/LA_T_2502033.flac,bonafide
data/asvspoof2019/LA/LA/ASVspoof2019_LA_train/flac/LA_T_8234497.flac,bonafide
data/asvspoof2019/LA/LA/ASVspoof2019_LA_train/flac/LA_T_8847275.flac,bonafide
data/asvspoof2019/LA/LA/ASVspoof2019_LA_train/flac/LA_T_6175341.flac,bonafide
data/asvspoof2019/LA/LA/ASVspoof2019_LA_train/flac/LA_T_3324661.flac,bonafide
data/asvspoof2019/LA/LA/ASVspoof2019_LA_train/flac/LA_T_6636159.flac,bonafide
data/asvspoof2019/LA/LA/ASVspoof2019_LA_train/flac/LA_T_1744427.flac,bonafide
data/asvspoof2019/LA/LA/ASVspoof2019_LA_train/flac/LA_T_5314492.flac,bonafide
data/asvspoof2019/LA/LA/ASVspoof2019_LA_train/flac/LA_T_1933449.flac,bonafide
data/asvspoof2019/LA/LA/ASVspoof2019_LA_train/flac/LA_T_4400269.flac,bonafide
data/asvspoof2019/LA/LA/ASVspoof2019_LA_train/flac/LA_T_1897758.flac,bonafide
data/asvspoof2019/LA/LA/ASVspoof2019_LA_train/flac/LA_T_9074017.flac,bonafide
data/asvspoof2019/LA/LA/ASVspoof2019_LA_train/flac/LA_T_8874328.flac,bonafide
data/asvspoof2019/LA/LA/ASVspoof2019_LA_train/flac/LA_T_8388870.flac,bonafide
data/asvspoof2019/LA/LA/ASVspoof2019_LA_train/flac/LA_T_4290789.flac,bonafide
data/asvspoof2019/LA/LA/ASVspoof2019_LA_train/flac/LA_T_9506168.flac,bonafide
data/asvspoof2019/LA/LA/ASVspoof2019_LA_train/flac/LA_T_4606578.flac,bonafide
data/asvspoof2019/LA/LA/ASVspoof2019_LA_train/flac/LA_T_9863654.flac,bonafide
data/asvspoof2019/LA/LA/ASVspoof2019_LA_train/flac/LA_T_2439075.flac,bonafide
data/asvspoof2019/LA/LA/ASVspoof2019_LA_train/flac/LA_T_5954195.flac,bonafide
data/asvspoof2019/LA/LA/ASVspoof2019_LA_train/flac/LA_T_4362109.flac,bonafide
data/asvspoof2019/LA/LA/ASVspoof2019_LA_train/flac/LA_T_5326363.flac,bonafide
data/asvspoof2019/LA/LA/ASVspoof2019_LA_train/flac/LA_T_1611587.flac,bonafide
data/asvspoof2019/LA/LA/ASVspoof2019_LA_train/flac/LA_T_8052308.flac,bonafide
data/asvspoof2019/LA/LA/ASVspoof2019_LA_train/flac/LA_T_6015645.flac,bonafide
data/asvspoof2019/LA/LA/ASVspoof2019_LA_train/flac/LA_T_5065316.flac,bonafide
data/asvspoof2019/LA/LA/ASVspoof2019_LA_train/flac/LA_T_5374473.flac,bonafide
data/asvspoof2019/LA/LA/ASVspoof2019_LA_train/flac/LA_T_4176612.flac,bonafide
data/asvspoof2019/LA/LA/ASVspoof2019_LA_train/flac/LA_T_9593260.flac,bonafide
data/asvspoof2019/LA/LA/ASVspoof2019_LA_train/flac/LA_T_3154528.flac,bonafide
data/asvspoof2019/LA/LA/ASVspoof2019_LA_train/flac/LA_T_5669661.flac,bonafide
data/asvspoof2019/LA/LA/ASVspoof2019_LA_train/flac/LA_T_3995089.flac,bonafide
data/asvspoof2019/LA/LA/ASVspoof2019_LA_train/flac/LA_T_2345808.flac,bonafide
data/asvspoof2019/LA/LA/ASVspoof2019_LA_train/flac/LA_T_7075102.flac,bonafide
data/asvspoof2019/LA/LA/ASVspoof2019_LA_train/flac/LA_T_7974459.flac,bonafide
data/asvspoof2019/LA/LA/ASVspoof2019_LA_train/flac/LA_T_4105004.flac,bonafide
data/asvspoof2019/LA/LA/ASVspoof2019_LA_train/flac/LA_T_3485288.flac,bonafide
data/asvspoof2019/LA/LA/ASVspoof2019_LA_train/flac/LA_T_7208401.flac,bonafide
data/asvspoof2019/LA/LA/ASVspoof2019_LA_train/flac/LA_T_4436477.flac,bonafide
data/asvspoof2019/LA/LA/ASVspoof2019_LA_train/flac/LA_T_8208951.flac,bonafide
data/asvspoof2019/LA/LA/ASVspoof2019_LA_train/flac/LA_T_8651978.flac,bonafide
data/asvspoof2019/LA/LA/ASVspoof2019_LA_train/flac/LA_T_1963829.flac,bonafide
data/asvspoof2019/LA/LA/ASVspoof2019_LA_train/flac/LA_T_4891261.flac,bonafide
data/asvspoof2019/LA/LA/ASVspoof2019_LA_train/flac/LA_T_2280500.flac,bonafide
data/asvspoof2019/LA/LA/ASVspoof2019_LA_train/flac/LA_T_5799348.flac,bonafide
data/asvspoof2019/LA/LA/ASVspoof2019_LA_train/flac/LA_T_3680444.flac,bonafide
data/asvspoof2019/LA/LA/ASVspoof2019_LA_train/flac/LA_T_2054424.flac,bonafide
data/asvspoof2019/LA/LA/ASVspoof2019_LA_train/flac/LA_T_7357748.flac,bonafide
data/asvspoof2019/LA/LA/ASVspoof2019_LA_train/flac/LA_T_1873366.flac,bonafide
data/asvspoof2019/LA/LA/ASVspoof2019_LA_train/flac/LA_T_7514330.flac,bonafide
data/asvspoof2019/LA/LA/ASVspoof2019_LA_train/flac/LA_T_7179987.flac,bonafide
data/asvspoof2019/LA/LA/ASVspoof2019_LA_train/flac/LA_T_7121055.flac,bonafide
data/asvspoof2019/LA/LA/ASVspoof2019_LA_train/flac/LA_T_9378967.flac,bonafide
data/asvspoof2019/LA/LA/ASVspoof2019_LA_train/flac/LA_T_7839297.flac,bonafide
data/asvspoof2019/LA/LA/ASVspoof2019_LA_train/flac/LA_T_1991708.flac,bonafide
data/asvspoof2019/LA/LA/ASVspoof2019_LA_train/flac/LA_T_6105178.flac,bonafide
data/asvspoof2019/LA/LA/ASVspoof2019_LA_train/flac/LA_T_9772981.flac,bonafide
data/asvspoof2019/LA/LA/ASVspoof2019_LA_train/flac/LA_T_7223058.flac,bonafide
data/asvspoof2019/LA/LA/ASVspoof2019_LA_train/flac/LA_T_5114581.flac,bonafide
data/asvspoof2019/LA/LA/ASVspoof2019_LA_train/flac/LA_T_6877652.flac,bonafide
data/asvspoof2019/LA/LA/ASVspoof2019_LA_train/flac/LA_T_6946670.flac,bonafide
data/asvspoof2019/LA/LA/ASVspoof2019_LA_train/flac/LA_T_9251617.flac,bonafide
data/asvspoof2019/LA/LA/ASVspoof2019_LA_train/flac/LA_T_7826829.flac,bonafide
data/asvspoof2019/LA/LA/ASVspoof2019_LA_train/flac/LA_T_2147294.flac,bonafide
data/asvspoof2019/LA/LA/ASVspoof2019_LA_train/flac/LA_T_8172146.flac,bonafide
data/asvspoof2019/LA/LA/ASVspoof2019_LA_train/flac/LA_T_9276467.flac,bonafide
data/asvspoof2019/LA/LA/ASVspoof2019_LA_train/flac/LA_T_1410416.flac,bonafide
data/asvspoof2019/LA/LA/ASVspoof2019_LA_train/flac/LA_T_1831818.flac,bonafide
data/asvspoof2019/LA/LA/ASVspoof2019_LA_train/flac/LA_T_6034182.flac,bonafide
data/asvspoof2019/LA/LA/ASVspoof2019_LA_train/flac/LA_T_7579441.flac,bonafide
data/asvspoof2019/LA/LA/ASVspoof2019_LA_train/flac/LA_T_8589988.flac,bonafide
data/asvspoof2019/LA/LA/ASVspoof2019_LA_train/flac/LA_T_9969620.flac,bonafide
data/asvspoof2019/LA/LA/ASVspoof2019_LA_train/flac/LA_T_3470152.flac,bonafide
data/asvspoof2019/LA/LA/ASVspoof2019_LA_train/flac/LA_T_6093991.flac,bonafide
data/asvspoof2019/LA/LA/ASVspoof2019_LA_train/flac/LA_T_7214355.flac,bonafide
data/asvspoof2019/LA/LA/ASVspoof2019_LA_train/flac/LA_T_2127844.flac,bonafide
data/asvspoof2019/LA/LA/ASVspoof2019_LA_train/flac/LA_T_1636151.flac,bonafide
data/asvspoof2019/LA/LA/ASVspoof2019_LA_train/flac/LA_T_1363347.flac,bonafide
data/asvspoof2019/LA/LA/ASVspoof2019_LA_train/flac/LA_T_8925615.flac,bonafide
data/asvspoof2019/LA/LA/ASVspoof2019_LA_train/flac/LA_T_6450026.flac,bonafide
data/asvspoof2019/LA/LA/ASVspoof2019_LA_train/flac/LA_T_9213454.flac,bonafide
data/asvspoof2019/LA/LA/ASVspoof2019_LA_train/flac/LA_T_3068473.flac,bonafide
data/asvspoof2019/LA/LA/ASVspoof2019_LA_train/flac/LA_T_5683238.flac,bonafide
data/asvspoof2019/LA/LA/ASVspoof2019_LA_train/flac/LA_T_1923872.flac,bonafide
data/asvspoof2019/LA/LA/ASVspoof2019_LA_train/flac/LA_T_5399126.flac,bonafide
data/asvspoof2019/LA/LA/ASVspoof2019_LA_train/flac/LA_T_3849267.flac,bonafide
data/asvspoof2019/LA/LA/ASVspoof2019_LA_train/flac/LA_T_1482834.flac,bonafide
data/asvspoof2019/LA/LA/ASVspoof2019_LA_train/flac/LA_T_8490726.flac,bonafide
data/asvspoof2019/LA/LA/ASVspoof2019_LA_train/flac/LA_T_6724576.flac,bonafide
data/asvspoof2019/LA/LA/ASVspoof2019_LA_train/flac/LA_T_4043474.flac,bonafide
data/asvspoof2019/LA/LA/ASVspoof2019_LA_train/flac/LA_T_7344886.flac,bonafide
data/asvspoof2019/LA/LA/ASVspoof2019_LA_train/flac/LA_T_2707835.flac,bonafide
data/asvspoof2019/LA/LA/ASVspoof2019_LA_train/flac/LA_T_8898922.flac,bonafide
data/asvspoof2019/LA/LA/ASVspoof2019_LA_train/flac/LA_T_2066209.flac,bonafide
data/asvspoof2019/LA/LA/ASVspoof2019_LA_train/flac/LA_T_1861398.flac,bonafide
data/asvspoof2019/LA/LA/ASVspoof2019_LA_train/flac/LA_T_4615562.flac,bonafide
data/asvspoof2019/LA/LA/ASVspoof2019_LA_train/flac/LA_T_4270225.flac,bonafide
data/asvspoof2019/LA/LA/ASVspoof2019_LA_train/flac/LA_T_6271185.flac,bonafide
data/asvspoof2019/LA/LA/ASVspoof2019_LA_train/flac/LA_T_3772667.flac,bonafide
data/asvspoof2019/LA/LA/ASVspoof2019_LA_train/flac/LA_T_4263726.flac,bonafide
data/asvspoof2019/LA/LA/ASVspoof2019_LA_train/flac/LA_T_9048990.flac,bonafide
data/asvspoof2019/LA/LA/ASVspoof2019_LA_train/flac/LA_T_6594586.flac,bonafide
data/asvspoof2019/LA/LA/ASVspoof2019_LA_train/flac/LA_T_8726287.flac,bonafide
data/asvspoof2019/LA/LA/ASVspoof2019_LA_train/flac/LA_T_9457505.flac,bonafide
data/asvspoof2019/LA/LA/ASVspoof2019_LA_train/flac/LA_T_2598851.flac,bonafide
data/asvspoof2019/LA/LA/ASVspoof2019_LA_train/flac/LA_T_2118892.flac,bonafide
data/asvspoof2019/LA/LA/ASVspoof2019_LA_train/flac/LA_T_9032022.flac,bonafide
data/asvspoof2019/LA/LA/ASVspoof2019_LA_train/flac/LA_T_6059767.flac,bonafide
data/asvspoof2019/LA/LA/ASVspoof2019_LA_train/flac/LA_T_3447323.flac,bonafide
data/asvspoof2019/LA/LA/ASVspoof2019_LA_train/flac/LA_T_5795707.flac,bonafide
data/asvspoof2019/LA/LA/ASVspoof2019_LA_train/flac/LA_T_8105555.flac,bonafide
data/asvspoof2019/LA/LA/ASVspoof2019_LA_train/flac/LA_T_6376473.flac,bonafide
data/asvspoof2019/LA/LA/ASVspoof2019_LA_train/flac/LA_T_9102017.flac,bonafide
data/asvspoof2019/LA/LA/ASVspoof2019_LA_train/flac/LA_T_2482961.flac,bonafide
data/asvspoof2019/LA/LA/ASVspoof2019_LA_train/flac/LA_T_8955767.flac,bonafide
data/asvspoof2019/LA/LA/ASVspoof2019_LA_train/flac/LA_T_2642748.flac,bonafide
data/asvspoof2019/LA/LA/ASVspoof2019_LA_train/flac/LA_T_9189420.flac,bonafide
data/asvspoof2019/LA/LA/ASVspoof2019_LA_train/flac/LA_T_6631167.flac,bonafide
data/asvspoof2019/LA/LA/ASVspoof2019_LA_train/flac/LA_T_3395385.flac,bonafide
data/asvspoof2019/LA/LA/ASVspoof2019_LA_train/flac/LA_T_4051929.flac,bonafide
data/asvspoof2019/LA/LA/ASVspoof2019_LA_train/flac/LA_T_7696598.flac,bonafide
data/asvspoof2019/LA/LA/ASVspoof2019_LA_train/flac/LA_T_7467165.flac,bonafide
data/asvspoof2019/LA/LA/ASVspoof2019_LA_train/flac/LA_T_5266787.flac,bonafide
data/asvspoof2019/LA/LA/ASVspoof2019_LA_train/flac/LA_T_2175978.flac,bonafide
data/asvspoof2019/LA/LA/ASVspoof2019_LA_train/flac/LA_T_1979527.flac,bonafide
data/asvspoof2019/LA/LA/ASVspoof2019_LA_train/flac/LA_T_3264459.flac,bonafide
data/asvspoof2019/LA/LA/ASVspoof2019_LA_train/flac/LA_T_8178089.flac,bonafide
data/asvspoof2019/LA/LA/ASVspoof2019_LA_train/flac/LA_T_1023546.flac,bonafide
data/asvspoof2019/LA/LA/ASVspoof2019_LA_train/flac/LA_T_8275432.flac,bonafide
data/asvspoof2019/LA/LA/ASVspoof2019_LA_train/flac/LA_T_3747046.flac,bonafide
data/asvspoof2019/LA/LA/ASVspoof2019_LA_train/flac/LA_T_4197596.flac,bonafide
data/asvspoof2019/LA/LA/ASVspoof2019_LA_train/flac/LA_T_5326968.flac,bonafide
data/asvspoof2019/LA/LA/ASVspoof2019_LA_train/flac/LA_T_4630790.flac,bonafide
data/asvspoof2019/LA/LA/ASVspoof2019_LA_train/flac/LA_T_4711197.flac,bonafide
data/asvspoof2019/LA/LA/ASVspoof2019_LA_train/flac/LA_T_9553112.flac,bonafide
data/asvspoof2019/LA/LA/ASVspoof2019_LA_train/flac/LA_T_5696560.flac,bonafide
data/asvspoof2019/LA/LA/ASVspoof2019_LA_train/flac/LA_T_6756969.flac,bonafide
data/asvspoof2019/LA/LA/ASVspoof2019_LA_train/flac/LA_T_1325649.flac,bonafide
data/asvspoof2019/LA/LA/ASVspoof2019_LA_train/flac/LA_T_3545264.flac,bonafide
data/asvspoof2019/LA/LA/ASVspoof2019_LA_train/flac/LA_T_7677120.flac,bonafide
data/asvspoof2019/LA/LA/ASVspoof2019_LA_train/flac/LA_T_1878391.flac,bonafide
data/asvspoof2019/LA/LA/ASVspoof2019_LA_train/flac/LA_T_9779411.flac,bonafide
data/asvspoof2019/LA/LA/ASVspoof2019_LA_train/flac/LA_T_7051313.flac,bonafide
data/asvspoof2019/LA/LA/ASVspoof2019_LA_train/flac/LA_T_9398797.flac,bonafide
data/asvspoof2019/LA/LA/ASVspoof2019_LA_train/flac/LA_T_1511191.flac,bonafide
data/asvspoof2019/LA/LA/ASVspoof2019_LA_train/flac/LA_T_9166813.flac,bonafide
data/asvspoof2019/LA/LA/ASVspoof2019_LA_train/flac/LA_T_4486316.flac,bonafide
data/asvspoof2019/LA/LA/ASVspoof2019_LA_train/flac/LA_T_5900964.flac,bonafide
data/asvspoof2019/LA/LA/ASVspoof2019_LA_train/flac/LA_T_6627080.flac,bonafide
data/asvspoof2019/LA/LA/ASVspoof2019_LA_train/flac/LA_T_7450091.flac,bonafide
data/asvspoof2019/LA/LA/ASVspoof2019_LA_train/flac/LA_T_3751646.flac,bonafide
data/asvspoof2019/LA/LA/ASVspoof2019_LA_train/flac/LA_T_1820050.flac,bonafide
data/asvspoof2019/LA/LA/ASVspoof2019_LA_train/flac/LA_T_5463606.flac,bonafide
data/asvspoof2019/LA/LA/ASVspoof2019_LA_train/flac/LA_T_6212674.flac,bonafide
data/asvspoof2019/LA/LA/ASVspoof2019_LA_train/flac/LA_T_3560086.flac,bonafide
data/asvspoof2019/LA/LA/ASVspoof2019_LA_train/flac/LA_T_8887502.flac,bonafide
data/asvspoof2019/LA/LA/ASVspoof2019_LA_train/flac/LA_T_5100132.flac,bonafide
data/asvspoof2019/LA/LA/ASVspoof2019_LA_train/flac/LA_T_3725307.flac,bonafide
data/asvspoof2019/LA/LA/ASVspoof2019_LA_train/flac/LA_T_9778924.flac,bonafide
data/asvspoof2019/LA/LA/ASVspoof2019_LA_train/flac/LA_T_1307755.flac,bonafide
data/asvspoof2019/LA/LA/ASVspoof2019_LA_train/flac/LA_T_4898635.flac,bonafide
data/asvspoof2019/LA/LA/ASVspoof2019_LA_train/flac/LA_T_2507487.flac,bonafide
data/asvspoof2019/LA/LA/ASVspoof2019_LA_train/flac/LA_T_4077869.flac,bonafide
data/asvspoof2019/LA/LA/ASVspoof2019_LA_train/flac/LA_T_4667091.flac,bonafide
data/asvspoof2019/LA/LA/ASVspoof2019_LA_train/flac/LA_T_8193150.flac,bonafide
data/asvspoof2019/LA/LA/ASVspoof2019_LA_train/flac/LA_T_7965624.flac,bonafide
data/asvspoof2019/LA/LA/ASVspoof2019_LA_train/flac/LA_T_6965985.flac,bonafide
data/asvspoof2019/LA/LA/ASVspoof2019_LA_train/flac/LA_T_6160841.flac,bonafide
data/asvspoof2019/LA/LA/ASVspoof2019_LA_train/flac/LA_T_6275615.flac,bonafide
data/asvspoof2019/LA/LA/ASVspoof2019_LA_train/flac/LA_T_3508808.flac,bonafide
data/asvspoof2019/LA/LA/ASVspoof2019_LA_train/flac/LA_T_8419713.flac,bonafide
data/asvspoof2019/LA/LA/ASVspoof2019_LA_train/flac/LA_T_9536026.flac,bonafide
data/asvspoof2019/LA/LA/ASVspoof2019_LA_train/flac/LA_T_8171933.flac,bonafide
data/asvspoof2019/LA/LA/ASVspoof2019_LA_train/flac/LA_T_3505871.flac,bonafide
data/asvspoof2019/LA/LA/ASVspoof2019_LA_train/flac/LA_T_6686104.flac,bonafide
data/asvspoof2019/LA/LA/ASVspoof2019_LA_train/flac/LA_T_1243533.flac,bonafide
data/asvspoof2019/LA/LA/ASVspoof2019_LA_train/flac/LA_T_2034214.flac,bonafide
data/asvspoof2019/LA/LA/ASVspoof2019_LA_train/flac/LA_T_7422329.flac,bonafide
data/asvspoof2019/LA/LA/ASVspoof2019_LA_train/flac/LA_T_9958393.flac,bonafide
data/asvspoof2019/LA/LA/ASVspoof2019_LA_train/flac/LA_T_3570279.flac,bonafide
data/asvspoof2019/LA/LA/ASVspoof2019_LA_train/flac/LA_T_8683526.flac,bonafide
data/asvspoof2019/LA/LA/ASVspoof2019_LA_train/flac/LA_T_4509152.flac,bonafide
data/asvspoof2019/LA/LA/ASVspoof2019_LA_train/flac/LA_T_3626619.flac,bonafide
data/asvspoof2019/LA/LA/ASVspoof2019_LA_train/flac/LA_T_3593688.flac,bonafide
data/asvspoof2019/LA/LA/ASVspoof2019_LA_train/flac/LA_T_4654973.flac,bonafide
data/asvspoof2019/LA/LA/ASVspoof2019_LA_train/flac/LA_T_9513704.flac,bonafide
data/asvspoof2019/LA/LA/ASVspoof2019_LA_train/flac/LA_T_8707487.flac,bonafide
data/asvspoof2019/LA/LA/ASVspoof2019_LA_train/flac/LA_T_9549153.flac,bonafide
data/asvspoof2019/LA/LA/ASVspoof2019_LA_train/flac/LA_T_9622854.flac,bonafide
data/asvspoof2019/LA/LA/ASVspoof2019_LA_train/flac/LA_T_5322386.flac,bonafide
data/asvspoof2019/LA/LA/ASVspoof2019_LA_train/flac/LA_T_8639228.flac,bonafide
data/asvspoof2019/LA/LA/ASVspoof2019_LA_train/flac/LA_T_9382795.flac,bonafide
data/asvspoof2019/LA/LA/ASVspoof2019_LA_train/flac/LA_T_8841091.flac,bonafide
data/asvspoof2019/LA/LA/ASVspoof2019_LA_train/flac/LA_T_7196016.flac,spoof
data/asvspoof2019/LA/LA/ASVspoof2019_LA_train/flac/LA_T_2021613.flac,spoof
data/asvspoof2019/LA/LA/ASVspoof2019_LA_train/flac/LA_T_6942847.flac,spoof
data/asvspoof2019/LA/LA/ASVspoof2019_LA_train/flac/LA_T_8159529.flac,spoof
data/asvspoof2019/LA/LA/ASVspoof2019_LA_train/flac/LA_T_8367117.flac,spoof
data/asvspoof2019/LA/LA/ASVspoof2019_LA_train/flac/LA_T_4873700.flac,spoof
data/asvspoof2019/LA/LA/ASVspoof2019_LA_train/flac/LA_T_5454842.flac,spoof
data/asvspoof2019/LA/LA/ASVspoof2019_LA_train/flac/LA_T_5820593.flac,spoof
data/asvspoof2019/LA/LA/ASVspoof2019_LA_train/flac/LA_T_5054337.flac,spoof
data/asvspoof2019/LA/LA/ASVspoof2019_LA_train/flac/LA_T_1531219.flac,spoof
data/asvspoof2019/LA/LA/ASVspoof2019_LA_train/flac/LA_T_1929428.flac,spoof
data/asvspoof2019/LA/LA/ASVspoof2019_LA_train/flac/LA_T_3167562.flac,spoof
data/asvspoof2019/LA/LA/ASVspoof2019_LA_train/flac/LA_T_9382514.flac,spoof
data/asvspoof2019/LA/LA/ASVspoof2019_LA_train/flac/LA_T_3683064.flac,spoof
data/asvspoof2019/LA/LA/ASVspoof2019_LA_train/flac/LA_T_5209238.flac,spoof
data/asvspoof2019/LA/LA/ASVspoof2019_LA_train/flac/LA_T_1217503.flac,spoof
data/asvspoof2019/LA/LA/ASVspoof2019_LA_train/flac/LA_T_2191824.flac,spoof
data/asvspoof2019/LA/LA/ASVspoof2019_LA_train/flac/LA_T_4164792.flac,spoof
data/asvspoof2019/LA/LA/ASVspoof2019_LA_train/flac/LA_T_7412444.flac,spoof
data/asvspoof2019/LA/LA/ASVspoof2019_LA_train/flac/LA_T_6355446.flac,spoof
data/asvspoof2019/LA/LA/ASVspoof2019_LA_train/flac/LA_T_2667116.flac,spoof
data/asvspoof2019/LA/LA/ASVspoof2019_LA_train/flac/LA_T_6919433.flac,spoof
data/asvspoof2019/LA/LA/ASVspoof2019_LA_train/flac/LA_T_8953521.flac,spoof
data/asvspoof2019/LA/LA/ASVspoof2019_LA_train/flac/LA_T_3287677.flac,spoof
data/asvspoof2019/LA/LA/ASVspoof2019_LA_train/flac/LA_T_9851170.flac,spoof
data/asvspoof2019/LA/LA/ASVspoof2019_LA_train/flac/LA_T_1544826.flac,spoof
data/asvspoof2019/LA/LA/ASVspoof2019_LA_train/flac/LA_T_6866613.flac,spoof
data/asvspoof2019/LA/LA/ASVspoof2019_LA_train/flac/LA_T_5379096.flac,spoof
data/asvspoof2019/LA/LA/ASVspoof2019_LA_train/flac/LA_T_1957538.flac,spoof
data/asvspoof2019/LA/LA/ASVspoof2019_LA_train/flac/LA_T_8276326.flac,spoof
data/asvspoof2019/LA/LA/ASVspoof2019_LA_train/flac/LA_T_7249621.flac,spoof
data/asvspoof2019/LA/LA/ASVspoof2019_LA_train/flac/LA_T_6030668.flac,spoof
data/asvspoof2019/LA/LA/ASVspoof2019_LA_train/flac/LA_T_2457545.flac,spoof
data/asvspoof2019/LA/LA/ASVspoof2019_LA_train/flac/LA_T_9639913.flac,spoof
data/asvspoof2019/LA/LA/ASVspoof2019_LA_train/flac/LA_T_8813074.flac,spoof
data/asvspoof2019/LA/LA/ASVspoof2019_LA_train/flac/LA_T_3192467.flac,spoof
data/asvspoof2019/LA/LA/ASVspoof2019_LA_train/flac/LA_T_9190352.flac,spoof
data/asvspoof2019/LA/LA/ASVspoof2019_LA_train/flac/LA_T_4868092.flac,spoof
data/asvspoof2019/LA/LA/ASVspoof2019_LA_train/flac/LA_T_6878620.flac,spoof
data/asvspoof2019/LA/LA/ASVspoof2019_LA_train/flac/LA_T_8345097.flac,spoof
data/asvspoof2019/LA/LA/ASVspoof2019_LA_train/flac/LA_T_1839608.flac,spoof
data/asvspoof2019/LA/LA/ASVspoof2019_LA_train/flac/LA_T_4847789.flac,spoof
data/asvspoof2019/LA/LA/ASVspoof2019_LA_train/flac/LA_T_5320272.flac,spoof
data/asvspoof2019/LA/LA/ASVspoof2019_LA_train/flac/LA_T_9144261.flac,spoof
data/asvspoof2019/LA/LA/ASVspoof2019_LA_train/flac/LA_T_4291784.flac,spoof
data/asvspoof2019/LA/LA/ASVspoof2019_LA_train/flac/LA_T_4754759.flac,spoof
data/asvspoof2019/LA/LA/ASVspoof2019_LA_train/flac/LA_T_6823968.flac,spoof
data/asvspoof2019/LA/LA/ASVspoof2019_LA_train/flac/LA_T_2942946.flac,spoof
data/asvspoof2019/LA/LA/ASVspoof2019_LA_train/flac/LA_T_9395136.flac,spoof
data/asvspoof2019/LA/LA/ASVspoof2019_LA_train/flac/LA_T_4244044.flac,spoof
data/asvspoof2019/LA/LA/ASVspoof2019_LA_train/flac/LA_T_1926605.flac,spoof
data/asvspoof2019/LA/LA/ASVspoof2019_LA_train/flac/LA_T_5021134.flac,spoof
data/asvspoof2019/LA/LA/ASVspoof2019_LA_train/flac/LA_T_8093073.flac,spoof
data/asvspoof2019/LA/LA/ASVspoof2019_LA_train/flac/LA_T_1711356.flac,spoof
data/asvspoof2019/LA/LA/ASVspoof2019_LA_train/flac/LA_T_3011280.flac,spoof
data/asvspoof2019/LA/LA/ASVspoof2019_LA_train/flac/LA_T_5865525.flac,spoof
data/asvspoof2019/LA/LA/ASVspoof2019_LA_train/flac/LA_T_9108679.flac,spoof
data/asvspoof2019/LA/LA/ASVspoof2019_LA_train/flac/LA_T_6071492.flac,spoof
data/asvspoof2019/LA/LA/ASVspoof2019_LA_train/flac/LA_T_1050944.flac,spoof
data/asvspoof2019/LA/LA/ASVspoof2019_LA_train/flac/LA_T_2338435.flac,spoof
data/asvspoof2019/LA/LA/ASVspoof2019_LA_train/flac/LA_T_9969841.flac,spoof
data/asvspoof2019/LA/LA/ASVspoof2019_LA_train/flac/LA_T_2369027.flac,spoof
data/asvspoof2019/LA/LA/ASVspoof2019_LA_train/flac/LA_T_4562769.flac,spoof
data/asvspoof2019/LA/LA/ASVspoof2019_LA_train/flac/LA_T_5557943.flac,spoof
data/asvspoof2019/LA/LA/ASVspoof2019_LA_train/flac/LA_T_5299003.flac,spoof
data/asvspoof2019/LA/LA/ASVspoof2019_LA_train/flac/LA_T_6866302.flac,spoof
data/asvspoof2019/LA/LA/ASVspoof2019_LA_train/flac/LA_T_4844815.flac,spoof
data/asvspoof2019/LA/LA/ASVspoof2019_LA_train/flac/LA_T_7389695.flac,spoof
data/asvspoof2019/LA/LA/ASVspoof2019_LA_train/flac/LA_T_4991778.flac,spoof
data/asvspoof2019/LA/LA/ASVspoof2019_LA_train/flac/LA_T_2462718.flac,spoof
data/asvspoof2019/LA/LA/ASVspoof2019_LA_train/flac/LA_T_5181234.flac,spoof
data/asvspoof2019/LA/LA/ASVspoof2019_LA_train/flac/LA_T_9027506.flac,spoof
data/asvspoof2019/LA/LA/ASVspoof2019_LA_train/flac/LA_T_8186635.flac,spoof
data/asvspoof2019/LA/LA/ASVspoof2019_LA_train/flac/LA_T_5447517.flac,spoof
data/asvspoof2019/LA/LA/ASVspoof2019_LA_train/flac/LA_T_9752029.flac,spoof
data/asvspoof2019/LA/LA/ASVspoof2019_LA_train/flac/LA_T_3541347.flac,spoof
data/asvspoof2019/LA/LA/ASVspoof2019_LA_train/flac/LA_T_8055426.flac,spoof
data/asvspoof2019/LA/LA/ASVspoof2019_LA_train/flac/LA_T_9056284.flac,spoof
data/asvspoof2019/LA/LA/ASVspoof2019_LA_train/flac/LA_T_3303089.flac,spoof
data/asvspoof2019/LA/LA/ASVspoof2019_LA_train/flac/LA_T_5710203.flac,spoof
data/asvspoof2019/LA/LA/ASVspoof2019_LA_train/flac/LA_T_8856200.flac,spoof
data/asvspoof2019/LA/LA/ASVspoof2019_LA_train/flac/LA_T_3674915.flac,spoof
data/asvspoof2019/LA/LA/ASVspoof2019_LA_train/flac/LA_T_9492498.flac,spoof
data/asvspoof2019/LA/LA/ASVspoof2019_LA_train/flac/LA_T_9274561.flac,spoof
data/asvspoof2019/LA/LA/ASVspoof2019_LA_train/flac/LA_T_6785696.flac,spoof
data/asvspoof2019/LA/LA/ASVspoof2019_LA_train/flac/LA_T_9529562.flac,spoof
data/asvspoof2019/LA/LA/ASVspoof2019_LA_train/flac/LA_T_1076210.flac,spoof
data/asvspoof2019/LA/LA/ASVspoof2019_LA_train/flac/LA_T_5333693.flac,spoof
data/asvspoof2019/LA/LA/ASVspoof2019_LA_train/flac/LA_T_6904969.flac,spoof
data/asvspoof2019/LA/LA/ASVspoof2019_LA_train/flac/LA_T_8287825.flac,spoof
data/asvspoof2019/LA/LA/ASVspoof2019_LA_train/flac/LA_T_2445227.flac,spoof
data/asvspoof2019/LA/LA/ASVspoof2019_LA_train/flac/LA_T_9499930.flac,spoof
data/asvspoof2019/LA/LA/ASVspoof2019_LA_train/flac/LA_T_6838646.flac,spoof
data/asvspoof2019/LA/LA/ASVspoof2019_LA_train/flac/LA_T_9683366.flac,spoof
data/asvspoof2019/LA/LA/ASVspoof2019_LA_train/flac/LA_T_2789947.flac,spoof
data/asvspoof2019/LA/LA/ASVspoof2019_LA_train/flac/LA_T_4307188.flac,spoof
data/asvspoof2019/LA/LA/ASVspoof2019_LA_train/flac/LA_T_7136815.flac,spoof
data/asvspoof2019/LA/LA/ASVspoof2019_LA_train/flac/LA_T_6174387.flac,spoof
data/asvspoof2019/LA/LA/ASVspoof2019_LA_train/flac/LA_T_9347890.flac,spoof
data/asvspoof2019/LA/LA/ASVspoof2019_LA_train/flac/LA_T_9683231.flac,spoof
data/asvspoof2019/LA/LA/ASVspoof2019_LA_train/flac/LA_T_7670531.flac,spoof
data/asvspoof2019/LA/LA/ASVspoof2019_LA_train/flac/LA_T_4207818.flac,spoof
data/asvspoof2019/LA/LA/ASVspoof2019_LA_train/flac/LA_T_3813986.flac,spoof
data/asvspoof2019/LA/LA/ASVspoof2019_LA_train/flac/LA_T_2237022.flac,spoof
data/asvspoof2019/LA/LA/ASVspoof2019_LA_train/flac/LA_T_5105792.flac,spoof
data/asvspoof2019/LA/LA/ASVspoof2019_LA_train/flac/LA_T_1054206.flac,spoof
data/asvspoof2019/LA/LA/ASVspoof2019_LA_train/flac/LA_T_8811619.flac,spoof
data/asvspoof2019/LA/LA/ASVspoof2019_LA_train/flac/LA_T_8966163.flac,spoof
data/asvspoof2019/LA/LA/ASVspoof2019_LA_train/flac/LA_T_5718643.flac,spoof
data/asvspoof2019/LA/LA/ASVspoof2019_LA_train/flac/LA_T_7814998.flac,spoof
data/asvspoof2019/LA/LA/ASVspoof2019_LA_train/flac/LA_T_8126617.flac,spoof
data/asvspoof2019/LA/LA/ASVspoof2019_LA_train/flac/LA_T_4608788.flac,spoof
data/asvspoof2019/LA/LA/ASVspoof2019_LA_train/flac/LA_T_7081724.flac,spoof
data/asvspoof2019/LA/LA/ASVspoof2019_LA_train/flac/LA_T_7623077.flac,spoof
data/asvspoof2019/LA/LA/ASVspoof2019_LA_train/flac/LA_T_8574954.flac,spoof
data/asvspoof2019/LA/LA/ASVspoof2019_LA_train/flac/LA_T_2233012.flac,spoof
data/asvspoof2019/LA/LA/ASVspoof2019_LA_train/flac/LA_T_6510676.flac,spoof
data/asvspoof2019/LA/LA/ASVspoof2019_LA_train/flac/LA_T_6962997.flac,spoof
data/asvspoof2019/LA/LA/ASVspoof2019_LA_train/flac/LA_T_4973732.flac,spoof
data/asvspoof2019/LA/LA/ASVspoof2019_LA_train/flac/LA_T_9860705.flac,spoof
data/asvspoof2019/LA/LA/ASVspoof2019_LA_train/flac/LA_T_5882239.flac,spoof
data/asvspoof2019/LA/LA/ASVspoof2019_LA_train/flac/LA_T_4583580.flac,spoof
data/asvspoof2019/LA/LA/ASVspoof2019_LA_train/flac/LA_T_5770156.flac,spoof
data/asvspoof2019/LA/LA/ASVspoof2019_LA_train/flac/LA_T_3339466.flac,spoof
data/asvspoof2019/LA/LA/ASVspoof2019_LA_train/flac/LA_T_4506743.flac,spoof
data/asvspoof2019/LA/LA/ASVspoof2019_LA_train/flac/LA_T_3622175.flac,spoof
data/asvspoof2019/LA/LA/ASVspoof2019_LA_train/flac/LA_T_6796337.flac,spoof
data/asvspoof2019/LA/LA/ASVspoof2019_LA_train/flac/LA_T_1471299.flac,spoof
data/asvspoof2019/LA/LA/ASVspoof2019_LA_train/flac/LA_T_9858769.flac,spoof
data/asvspoof2019/LA/LA/ASVspoof2019_LA_train/flac/LA_T_7047656.flac,spoof
data/asvspoof2019/LA/LA/ASVspoof2019_LA_train/flac/LA_T_4195301.flac,spoof
data/asvspoof2019/LA/LA/ASVspoof2019_LA_train/flac/LA_T_8588493.flac,spoof
data/asvspoof2019/LA/LA/ASVspoof2019_LA_train/flac/LA_T_5192352.flac,spoof
data/asvspoof2019/LA/LA/ASVspoof2019_LA_train/flac/LA_T_8897417.flac,spoof
data/asvspoof2019/LA/LA/ASVspoof2019_LA_train/flac/LA_T_4769657.flac,spoof
data/asvspoof2019/LA/LA/ASVspoof2019_LA_train/flac/LA_T_8944036.flac,spoof
data/asvspoof2019/LA/LA/ASVspoof2019_LA_train/flac/LA_T_5415449.flac,spoof
data/asvspoof2019/LA/LA/ASVspoof2019_LA_train/flac/LA_T_2084488.flac,spoof
data/asvspoof2019/LA/LA/ASVspoof2019_LA_train/flac/LA_T_2618857.flac,spoof
data/asvspoof2019/LA/LA/ASVspoof2019_LA_train/flac/LA_T_6749249.flac,spoof
data/asvspoof2019/LA/LA/ASVspoof2019_LA_train/flac/LA_T_3652205.flac,spoof
data/asvspoof2019/LA/LA/ASVspoof2019_LA_train/flac/LA_T_2977629.flac,spoof
data/asvspoof2019/LA/LA/ASVspoof2019_LA_train/flac/LA_T_2582329.flac,spoof
data/asvspoof2019/LA/LA/ASVspoof2019_LA_train/flac/LA_T_4880191.flac,spoof
data/asvspoof2019/LA/LA/ASVspoof2019_LA_train/flac/LA_T_9017192.flac,spoof
data/asvspoof2019/LA/LA/ASVspoof2019_LA_train/flac/LA_T_6834916.flac,spoof
data/asvspoof2019/LA/LA/ASVspoof2019_LA_train/flac/LA_T_9754738.flac,spoof
data/asvspoof2019/LA/LA/ASVspoof2019_LA_train/flac/LA_T_2307363.flac,spoof
data/asvspoof2019/LA/LA/ASVspoof2019_LA_train/flac/LA_T_5832521.flac,spoof
data/asvspoof2019/LA/LA/ASVspoof2019_LA_train/flac/LA_T_6051675.flac,spoof
data/asvspoof2019/LA/LA/ASVspoof2019_LA_train/flac/LA_T_2207082.flac,spoof
data/asvspoof2019/LA/LA/ASVspoof2019_LA_train/flac/LA_T_3188096.flac,spoof
data/asvspoof2019/LA/LA/ASVspoof2019_LA_train/flac/LA_T_2216491.flac,spoof
data/asvspoof2019/LA/LA/ASVspoof2019_LA_train/flac/LA_T_9585536.flac,spoof
data/asvspoof2019/LA/LA/ASVspoof2019_LA_train/flac/LA_T_4688550.flac,spoof
data/asvspoof2019/LA/LA/ASVspoof2019_LA_train/flac/LA_T_5041786.flac,spoof
data/asvspoof2019/LA/LA/ASVspoof2019_LA_train/flac/LA_T_1067682.flac,spoof
data/asvspoof2019/LA/LA/ASVspoof2019_LA_train/flac/LA_T_1120947.flac,spoof
data/asvspoof2019/LA/LA/ASVspoof2019_LA_train/flac/LA_T_5839871.flac,spoof
data/asvspoof2019/LA/LA/ASVspoof2019_LA_train/flac/LA_T_4260225.flac,spoof
data/asvspoof2019/LA/LA/ASVspoof2019_LA_train/flac/LA_T_3132165.flac,spoof
data/asvspoof2019/LA/LA/ASVspoof2019_LA_train/flac/LA_T_3695313.flac,spoof
data/asvspoof2019/LA/LA/ASVspoof2019_LA_train/flac/LA_T_5103030.flac,spoof
data/asvspoof2019/LA/LA/ASVspoof2019_LA_train/flac/LA_T_7755568.flac,spoof
data/asvspoof2019/LA/LA/ASVspoof2019_LA_train/flac/LA_T_6493893.flac,spoof
data/asvspoof2019/LA/LA/ASVspoof2019_LA_train/flac/LA_T_7271776.flac,spoof
data/asvspoof2019/LA/LA/ASVspoof2019_LA_train/flac/LA_T_7012248.flac,spoof
data/asvspoof2019/LA/LA/ASVspoof2019_LA_train/flac/LA_T_6316929.flac,spoof
data/asvspoof2019/LA/LA/ASVspoof2019_LA_train/flac/LA_T_8409710.flac,spoof
data/asvspoof2019/LA/LA/ASVspoof2019_LA_train/flac/LA_T_2179758.flac,spoof
data/asvspoof2019/LA/LA/ASVspoof2019_LA_train/flac/LA_T_8618415.flac,spoof
data/asvspoof2019/LA/LA/ASVspoof2019_LA_train/flac/LA_T_5817855.flac,spoof
data/asvspoof2019/LA/LA/ASVspoof2019_LA_train/flac/LA_T_1603993.flac,spoof
data/asvspoof2019/LA/LA/ASVspoof2019_LA_train/flac/LA_T_5753625.flac,spoof
data/asvspoof2019/LA/LA/ASVspoof2019_LA_train/flac/LA_T_3875936.flac,spoof
data/asvspoof2019/LA/LA/ASVspoof2019_LA_train/flac/LA_T_6170947.flac,spoof
data/asvspoof2019/LA/LA/ASVspoof2019_LA_train/flac/LA_T_7974928.flac,spoof
data/asvspoof2019/LA/LA/ASVspoof2019_LA_train/flac/LA_T_8378801.flac,spoof
data/asvspoof2019/LA/LA/ASVspoof2019_LA_train/flac/LA_T_7070603.flac,spoof
data/asvspoof2019/LA/LA/ASVspoof2019_LA_train/flac/LA_T_9682590.flac,spoof
data/asvspoof2019/LA/LA/ASVspoof2019_LA_train/flac/LA_T_3826727.flac,spoof
data/asvspoof2019/LA/LA/ASVspoof2019_LA_train/flac/LA_T_1888093.flac,spoof
data/asvspoof2019/LA/LA/ASVspoof2019_LA_train/flac/LA_T_6556647.flac,spoof
data/asvspoof2019/LA/LA/ASVspoof2019_LA_train/flac/LA_T_2335971.flac,spoof
data/asvspoof2019/LA/LA/ASVspoof2019_LA_train/flac/LA_T_2002097.flac,spoof
data/asvspoof2019/LA/LA/ASVspoof2019_LA_train/flac/LA_T_7427268.flac,spoof
data/asvspoof2019/LA/LA/ASVspoof2019_LA_train/flac/LA_T_3950907.flac,spoof
data/asvspoof2019/LA/LA/ASVspoof2019_LA_train/flac/LA_T_4144683.flac,spoof
data/asvspoof2019/LA/LA/ASVspoof2019_LA_train/flac/LA_T_3962344.flac,spoof
data/asvspoof2019/LA/LA/ASVspoof2019_LA_train/flac/LA_T_7503107.flac,spoof
data/asvspoof2019/LA/LA/ASVspoof2019_LA_train/flac/LA_T_1340352.flac,spoof
data/asvspoof2019/LA/LA/ASVspoof2019_LA_train/flac/LA_T_1591483.flac,spoof
data/asvspoof2019/LA/LA/ASVspoof2019_LA_train/flac/LA_T_8059710.flac,spoof
data/asvspoof2019/LA/LA/ASVspoof2019_LA_train/flac/LA_T_7642568.flac,spoof
data/asvspoof2019/LA/LA/ASVspoof2019_LA_train/flac/LA_T_6828664.flac,spoof
data/asvspoof2019/LA/LA/ASVspoof2019_LA_train/flac/LA_T_1343294.flac,spoof
data/asvspoof2019/LA/LA/ASVspoof2019_LA_train/flac/LA_T_1129547.flac,spoof
data/asvspoof2019/LA/LA/ASVspoof2019_LA_train/flac/LA_T_2059418.flac,spoof
data/asvspoof2019/LA/LA/ASVspoof2019_LA_train/flac/LA_T_9342202.flac,spoof
data/asvspoof2019/LA/LA/ASVspoof2019_LA_train/flac/LA_T_3247320.flac,spoof
