path,label,entropy,repeat_rate
data/asvspoof2019/LA/LA/ASVspoof2019_LA_train/flac/LA_T_3891170.flac,bonafide,9.859647383406148,0.0017449238803237677
data/asvspoof2019/LA/LA/ASVspoof2019_LA_train/flac/LA_T_2948101.flac,bonafide,9.879845570651831,0.004204035736620426
data/asvspoof2019/LA/LA/ASVspoof2019_LA_train/flac/LA_T_8919107.flac,bonafide,9.769095580775183,0.0031250000465661287
data/asvspoof2019/LA/LA/ASVspoof2019_LA_train/flac/LA_T_6650735.flac,bonafide,9.823477700000623,0.0036386987194418907
data/asvspoof2019/LA/LA/ASVspoof2019_LA_train/flac/LA_T_5362691.flac,bonafide,9.880766813842975,0.0023320894688367844
data/asvspoof2019/LA/LA/ASVspoof2019_LA_train/flac/LA_T_9132181.flac,bonafide,9.872096506581542,0.002920560771599412
data/asvspoof2019/LA/LA/ASVspoof2019_LA_train/flac/LA_T_3517700.flac,bonafide,9.90445860965006,0.0021250001154839993
data/asvspoof2019/LA/LA/ASVspoof2019_LA_train/flac/LA_T_2502033.flac,bonafide,9.853860146026374,0.0027173913549631834
data/asvspoof2019/LA/LA/ASVspoof2019_LA_train/flac/LA_T_8234497.flac,bonafide,9.863528838546571,0.002060439670458436
data/asvspoof2019/LA/LA/ASVspoof2019_LA_train/flac/LA_T_8847275.flac,bonafide,9.845989264435007,0.0029667720664292574
data/asvspoof2019/LA/LA/ASVspoof2019_LA_train/flac/LA_T_6175341.flac,bonafide,9.898700896679145,0.0028301887214183807
data/asvspoof2019/LA/LA/ASVspoof2019_LA_train/flac/LA_T_3324661.flac,bonafide,9.82067052130898,0.003102836897596717
data/asvspoof2019/LA/LA/ASVspoof2019_LA_train/flac/LA_T_6636159.flac,bonafide,9.84741412628081,0.000739644980058074
data/asvspoof2019/LA/LA/ASVspoof2019_LA_train/flac/LA_T_1744427.flac,bonafide,9.720238668712838,0.002377717290073633
data/asvspoof2019/LA/LA/ASVspoof2019_LA_train/flac/LA_T_5314492.flac,bonafide,9.883836201379856,0.002373417606577277
data/asvspoof2019/LA/LA/ASVspoof2019_LA_train/flac/LA_T_1933449.flac,bonafide,9.69215411635912,0.0029069767333567142
data/asvspoof2019/LA/LA/ASVspoof2019_LA_train/flac/LA_T_4400269.flac,bonafide,9.860754178593634,0.003965735901147127
data/asvspoof2019/LA/LA/ASVspoof2019_LA_train/flac/LA_T_1897758.flac,bonafide,9.824899319745345,0.0005933544016443193
data/asvspoof2019/LA/LA/ASVspoof2019_LA_train/flac/LA_T_9074017.flac,bonafide,9.833056897227166,0.0029560811817646027
data/asvspoof2019/LA/LA/ASVspoof2019_LA_train/flac/LA_T_8874328.flac,bonafide,9.82194127123969,0.0015967153012752533
data/asvspoof2019/LA/LA/ASVspoof2019_LA_train/flac/LA_T_8388870.flac,bonafide,9.89077175836694,0.003588516730815172
data/asvspoof2019/LA/LA/ASVspoof2019_LA_train/flac/LA_T_4290789.flac,bonafide,9.831417118207732,0.0020833334419876337
data/asvspoof2019/LA/LA/ASVspoof2019_LA_train/flac/LA_T_9506168.flac,bonafide,9.877032824998205,0.0020649780053645372
data/asvspoof2019/LA/LA/ASVspoof2019_LA_train/flac/LA_T_4606578.flac,bonafide,9.813432294939954,0.0030594405252486467
data/asvspoof2019/LA/LA/ASVspoof2019_LA_train/flac/LA_T_9863654.flac,bonafide,9.788128019963839,0.005163043271750212
data/asvspoof2019/LA/LA/ASVspoof2019_LA_train/flac/LA_T_2439075.flac,bonafide,9.86286363526688,0.001806358341127634
data/asvspoof2019/LA/LA/ASVspoof2019_LA_train/flac/LA_T_5954195.flac,bonafide,9.87759370501623,0.0033275464083999395
data/asvspoof2019/LA/LA/ASVspoof2019_LA_train/flac/LA_T_4362109.flac,bonafide,9.866753085835478,0.0045362901873886585
data/asvspoof2019/LA/LA/ASVspoof2019_LA_train/flac/LA_T_5326363.flac,bonafide,9.826385568911915,0.0020529197063297033
data/asvspoof2019/LA/LA/ASVspoof2019_LA_train/flac/LA_T_1611587.flac,bonafide,9.788394738637518,0.0027281746733933687
data/asvspoof2019/LA/LA/ASVspoof2019_LA_train/flac/LA_T_8052308.flac,bonafide,9.895602844012105,0.002753831446170807
data/asvspoof2019/LA/LA/ASVspoof2019_LA_train/flac/LA_T_6015645.flac,bonafide,9.815362040811697,0.0026978417299687862
data/asvspoof2019/LA/LA/ASVspoof2019_LA_train/flac/LA_T_5065316.flac,bonafide,9.861707071970162,0.004513889085501432
data/asvspoof2019/LA/LA/ASVspoof2019_LA_train/flac/LA_T_5374473.flac,bonafide,9.856513604481883,0.0040064104832708836
data/asvspoof2019/LA/LA/ASVspoof2019_LA_train/flac/LA_T_4176612.flac,bonafide,9.805077667997612,0.00352822570130229
data/asvspoof2019/LA/LA/ASVspoof2019_LA_train/flac/LA_T_9593260.flac,bonafide,9.875669007013457,0.0033632286358624697
data/asvspoof2019/LA/LA/ASVspoof2019_LA_train/flac/LA_T_3154528.flac,bonafide,9.874467445647563,0.0032552082557231188
data/asvspoof2019/LA/LA/ASVspoof2019_LA_train/flac/LA_T_5669661.flac,bonafide,9.882917998295422,0.0022935778833925724
data/asvspoof2019/LA/LA/ASVspoof2019_LA_train/flac/LA_T_3995089.flac,bonafide,9.834464314814506,0.004491018131375313
data/asvspoof2019/LA/LA/ASVspoof2019_LA_train/flac/LA_T_2345808.flac,bonafide,9.7869610150309,0.0028176228515803814
data/asvspoof2019/LA/LA/ASVspoof2019_LA_train/flac/LA_T_7075102.flac,bonafide,9.793582374606277,0.0048828125
data/asvspoof2019/LA/LA/ASVspoof2019_LA_train/flac/LA_T_7974459.flac,bonafide,9.831386409806639,0.0024038462433964014
data/asvspoof2019/LA/LA/ASVspoof2019_LA_train/flac/LA_T_4105004.flac,bonafide,9.87086636772126,0.002352150622755289
data/asvspoof2019/LA/LA/ASVspoof2019_LA_train/flac/LA_T_3485288.flac,bonafide,9.8082842962543,0.00415209773927927
data/asvspoof2019/LA/LA/ASVspoof2019_LA_train/flac/LA_T_7208401.flac,bonafide,9.69308461089491,0.0017755682347342372
data/asvspoof2019/LA/LA/ASVspoof2019_LA_train/flac/LA_T_4436477.flac,bonafide,9.843420084332788,0.001953125
data/asvspoof2019/LA/LA/ASVspoof2019_LA_train/flac/LA_T_8208951.flac,bonafide,9.77366674459623,0.0013469827827066183
data/asvspoof2019/LA/LA/ASVspoof2019_LA_train/flac/LA_T_8651978.flac,bonafide,9.774084983429056,0.0014880952658131719
data/asvspoof2019/LA/LA/ASVspoof2019_LA_train/flac/LA_T_1963829.flac,bonafide,9.919969726001193,0.002980245277285576
data/asvspoof2019/LA/LA/ASVspoof2019_LA_train/flac/LA_T_4891261.flac,bonafide,9.858763715392518,0.0029605263844132423
data/asvspoof2019/LA/LA/ASVspoof2019_LA_train/flac/LA_T_2280500.flac,bonafide,9.912137181814469,0.0028219064697623253
data/asvspoof2019/LA/LA/ASVspoof2019_LA_train/flac/LA_T_5799348.flac,bonafide,9.839569685006431,0.0017468944424763322
data/asvspoof2019/LA/LA/ASVspoof2019_LA_train/flac/LA_T_3680444.flac,bonafide,9.800672126070449,0.002197265625
data/asvspoof2019/LA/LA/ASVspoof2019_LA_train/flac/LA_T_2054424.flac,bonafide,9.772987796956654,0.0019188596634194255
data/asvspoof2019/LA/LA/ASVspoof2019_LA_train/flac/LA_T_7357748.flac,bonafide,9.800665193893273,0.0023496239446103573
data/asvspoof2019/LA/LA/ASVspoof2019_LA_train/flac/LA_T_1873366.flac,bonafide,9.851943685072575,0.00434027798473835
data/asvspoof2019/LA/LA/ASVspoof2019_LA_train/flac/LA_T_7514330.flac,bonafide,9.85606144196302,0.0019642857369035482
data/asvspoof2019/LA/LA/ASVspoof2019_LA_train/flac/LA_T_7179987.flac,bonafide,9.888151803100065,0.0022522523067891598
data/asvspoof2019/LA/LA/ASVspoof2019_LA_train/flac/LA_T_7121055.flac,bonafide,9.87124742693743,0.003685897449031472
data/asvspoof2019/LA/LA/ASVspoof2019_LA_train/flac/LA_T_9378967.flac,bonafide,9.860852660236926,0.0028872282709926367
data/asvspoof2019/LA/LA/ASVspoof2019_LA_train/flac/LA_T_7839297.flac,bonafide,9.846336094637667,0.0028409091755747795
data/asvspoof2019/LA/LA/ASVspoof2019_LA_train/flac/LA_T_1991708.flac,bonafide,9.831157462532039,0.0031672297045588493
data/asvspoof2019/LA/LA/ASVspoof2019_LA_train/flac/LA_T_6105178.flac,bonafide,9.84096636117266,0.004687500186264515
data/asvspoof2019/LA/LA/ASVspoof2019_LA_train/flac/LA_T_9772981.flac,bonafide,9.760441325811236,0.0014880952658131719
data/asvspoof2019/LA/LA/ASVspoof2019_LA_train/flac/LA_T_7223058.flac,bonafide,9.766271943376468,0.0035635964013636112
data/asvspoof2019/LA/LA/ASVspoof2019_LA_train/flac/LA_T_5114581.flac,bonafide,9.876960388073098,0.001962560461834073
data/asvspoof2019/LA/LA/ASVspoof2019_LA_train/flac/LA_T_6877652.flac,bonafide,9.810615955988318,0.0021306818816810846
data/asvspoof2019/LA/LA/ASVspoof2019_LA_train/flac/LA_T_6946670.flac,bonafide,9.85688704291434,0.0026881720405071974
data/asvspoof2019/LA/LA/ASVspoof2019_LA_train/flac/LA_T_9251617.flac,bonafide,9.847545268546599,0.0029296875
data/asvspoof2019/LA/LA/ASVspoof2019_LA_train/flac/LA_T_7826829.flac,bonafide,9.79530092024268,0.002197265625
data/asvspoof2019/LA/LA/ASVspoof2019_LA_train/flac/LA_T_2147294.flac,bonafide,9.869629573858145,0.0016025641234591603
data/asvspoof2019/LA/LA/ASVspoof2019_LA_train/flac/LA_T_8172146.flac,bonafide,9.863213259873351,0.0023271276149898767
data/asvspoof2019/LA/LA/ASVspoof2019_LA_train/flac/LA_T_9276467.flac,bonafide,9.859177366094322,0.002577319508418441
data/asvspoof2019/LA/LA/ASVspoof2019_LA_train/flac/LA_T_1410416.flac,bonafide,9.81812873449353,0.0029653285164386034
data/asvspoof2019/LA/LA/ASVspoof2019_LA_train/flac/LA_T_1831818.flac,bonafide,9.877699364877074,0.002358490601181984
data/asvspoof2019/LA/LA/ASVspoof2019_LA_train/flac/LA_T_6034182.flac,bonafide,9.805748586301794,0.0026041667442768812
data/asvspoof2019/LA/LA/ASVspoof2019_LA_train/flac/LA_T_7579441.flac,bonafide,9.894862121050782,0.0032771534752100706
data/asvspoof2019/LA/LA/ASVspoof2019_LA_train/flac/LA_T_8589988.flac,bonafide,9.895284213298956,0.003949814010411501
data/asvspoof2019/LA/LA/ASVspoof2019_LA_train/flac/LA_T_9969620.flac,bonafide,9.884844811785145,0.001829954911954701
data/asvspoof2019/LA/LA/ASVspoof2019_LA_train/flac/LA_T_3470152.flac,bonafide,9.850092285355286,0.0019290123600512743
data/asvspoof2019/LA/LA/ASVspoof2019_LA_train/flac/LA_T_6093991.flac,bonafide,9.871350067982405,0.0014285714132711291
data/asvspoof2019/LA/LA/ASVspoof2019_LA_train/flac/LA_T_7214355.flac,bonafide,9.882631633606302,0.002487562131136656
data/asvspoof2019/LA/LA/ASVspoof2019_LA_train/flac/LA_T_2127844.flac,bonafide,9.84769164048948,0.0023482658434659243
data/asvspoof2019/LA/LA/ASVspoof2019_LA_train/flac/LA_T_1636151.flac,bonafide,9.795545479077543,0.004638671875
data/asvspoof2019/LA/LA/ASVspoof2019_LA_train/flac/LA_T_1363347.flac,bonafide,9.805267802398356,0.0024801588151603937
data/asvspoof2019/LA/LA/ASVspoof2019_LA_train/flac/LA_T_8925615.flac,bonafide,9.7951596702086,0.001764112850651145
data/asvspoof2019/LA/LA/ASVspoof2019_LA_train/flac/LA_T_6450026.flac,bonafide,9.869740970750033,0.002796052722260356
data/asvspoof2019/LA/LA/ASVspoof2019_LA_train/flac/LA_T_9213454.flac,bonafide,9.797152721919051,0.003276209579780698
data/asvspoof2019/LA/LA/ASVspoof2019_LA_train/flac/LA_T_3068473.flac,bonafide,9.767147142296638,0.0016592920292168856
data/asvspoof2019/LA/LA/ASVspoof2019_LA_train/flac/LA_T_5683238.flac,bonafide,9.888042145954676,0.0031914892606437206
data/asvspoof2019/LA/LA/ASVspoof2019_LA_train/flac/LA_T_1923872.flac,bonafide,9.892979922869864,0.000811688310932368
data/asvspoof2019/LA/LA/ASVspoof2019_LA_train/flac/LA_T_5399126.flac,bonafide,9.89740472941693,0.0040533472783863544
data/asvspoof2019/LA/LA/ASVspoof2019_LA_train/flac/LA_T_3849267.flac,bonafide,9.762249267905087,0.005059523973613977
data/asvspoof2019/LA/LA/ASVspoof2019_LA_train/flac/LA_T_1482834.flac,bonafide,9.873080501862656,0.002796052722260356
data/asvspoof2019/LA/LA/ASVspoof2019_LA_train/flac/LA_T_8490726.flac,bonafide,9.899828525825601,0.002993294969201088
data/asvspoof2019/LA/LA/ASVspoof2019_LA_train/flac/LA_T_6724576.flac,bonafide,9.918085730681717,0.0015404929872602224
data/asvspoof2019/LA/LA/ASVspoof2019_LA_train/flac/LA_T_4043474.flac,bonafide,9.827408655088659,0.0026223775930702686
data/asvspoof2019/LA/LA/ASVspoof2019_LA_train/flac/LA_T_7344886.flac,bonafide,9.837328967556417,0.003328402293846011
data/asvspoof2019/LA/LA/ASVspoof2019_LA_train/flac/LA_T_2707835.flac,bonafide,9.847195264389729,0.002588757313787937
data/asvspoof2019/LA/LA/ASVspoof2019_LA_train/flac/LA_T_8898922.flac,bonafide,9.854862941683367,0.002070783171802759
data/asvspoof2019/LA/LA/ASVspoof2019_LA_train/flac/LA_T_2066209.flac,bonafide,9.85615355427028,0.0039285714738070965
data/asvspoof2019/LA/LA/ASVspoof2019_LA_train/flac/LA_T_1861398.flac,bonafide,9.792798840240689,0.001669847290031612
data/asvspoof2019/LA/LA/ASVspoof2019_LA_train/flac/LA_T_4615562.flac,bonafide,9.861849161739036,0.002375731011852622
data/asvspoof2019/LA/LA/ASVspoof2019_LA_train/flac/LA_T_4270225.flac,bonafide,9.762579838775144,0.0049778763204813
data/asvspoof2019/LA/LA/ASVspoof2019_LA_train/flac/LA_T_6271185.flac,bonafide,9.865798544547623,0.002493350999429822
data/asvspoof2019/LA/LA/ASVspoof2019_LA_train/flac/LA_T_3772667.flac,bonafide,9.842772348804964,0.0015625000232830644
data/asvspoof2019/LA/LA/ASVspoof2019_LA_train/flac/LA_T_4263726.flac,bonafide,9.80540113532684,0.0024038462433964014
data/asvspoof2019/LA/LA/ASVspoof2019_LA_train/flac/LA_T_9048990.flac,bonafide,9.843729186851373,0.0028901733458042145
data/asvspoof2019/LA/LA/ASVspoof2019_LA_train/flac/LA_T_6594586.flac,bonafide,9.82599377065377,0.002819548826664686
data/asvspoof2019/LA/LA/ASVspoof2019_LA_train/flac/LA_T_8726287.flac,bonafide,9.881009244868707,0.002211084822192788
data/asvspoof2019/LA/LA/ASVspoof2019_LA_train/flac/LA_T_9457505.flac,bonafide,9.846218764295136,0.0032051282469183207
data/asvspoof2019/LA/LA/ASVspoof2019_LA_train/flac/LA_T_2598851.flac,bonafide,9.777618604865111,0.0031779659911990166
data/asvspoof2019/LA/LA/ASVspoof2019_LA_train/flac/LA_T_2118892.flac,bonafide,9.9049230745525,0.0032366071827709675
data/asvspoof2019/LA/LA/ASVspoof2019_LA_train/flac/LA_T_9032022.flac,bonafide,9.831130396542974,0.0024038462433964014
data/asvspoof2019/LA/LA/ASVspoof2019_LA_train/flac/LA_T_6059767.flac,bonafide,9.792292260764611,0.003101145150139928
data/asvspoof2019/LA/LA/ASVspoof2019_LA_train/flac/LA_T_3447323.flac,bonafide,9.839106592304539,0.003086419776082039
data/asvspoof2019/LA/LA/ASVspoof2019_LA_train/flac/LA_T_5795707.flac,bonafide,9.833749659156856,0.0012019231216982007
data/asvspoof2019/LA/LA/ASVspoof2019_LA_train/flac/LA_T_8105555.flac,bonafide,9.854017802362268,0.003846153849735856
data/asvspoof2019/LA/LA/ASVspoof2019_LA_train/flac/LA_T_6376473.flac,bonafide,9.851071792398484,0.002329192589968443
data/asvspoof2019/LA/LA/ASVspoof2019_LA_train/flac/LA_T_9102017.flac,bonafide,9.799516606989588,0.0027281746733933687
data/asvspoof2019/LA/LA/ASVspoof2019_LA_train/flac/LA_T_2482961.flac,bonafide,9.873913587186774,0.0028266331646591425
data/asvspoof2019/LA/LA/ASVspoof2019_LA_train/flac/LA_T_8955767.flac,bonafide,9.811469131704722,0.0027372261974960566
data/asvspoof2019/LA/LA/ASVspoof2019_LA_train/flac/LA_T_2642748.flac,bonafide,9.85215503240525,0.0019409938249737024
data/asvspoof2019/LA/LA/ASVspoof2019_LA_train/flac/LA_T_9189420.flac,bonafide,9.83203935429194,0.0027636054437607527
data/asvspoof2019/LA/LA/ASVspoof2019_LA_train/flac/LA_T_6631167.flac,bonafide,9.825858233561647,0.0029965753201395273
data/asvspoof2019/LA/LA/ASVspoof2019_LA_train/flac/LA_T_3395385.flac,bonafide,9.879062202651628,0.001407657633535564
data/asvspoof2019/LA/LA/ASVspoof2019_LA_train/flac/LA_T_4051929.flac,bonafide,9.79714719704448,0.0027281746733933687
data/asvspoof2019/LA/LA/ASVspoof2019_LA_train/flac/LA_T_7696598.flac,bonafide,9.85909530393122,0.001848118263296783
data/asvspoof2019/LA/LA/ASVspoof2019_LA_train/flac/LA_T_7467165.flac,bonafide,9.823764646831773,0.0010416667209938169
data/asvspoof2019/LA/LA/ASVspoof2019_LA_train/flac/LA_T_5266787.flac,bonafide,9.82199248058916,0.0033783784601837397
data/asvspoof2019/LA/LA/ASVspoof2019_LA_train/flac/LA_T_2175978.flac,bonafide,9.894470244528954,0.003000000026077032
data/asvspoof2019/LA/LA/ASVspoof2019_LA_train/flac/LA_T_1979527.flac,bonafide,9.867471400899591,0.0012019231216982007
data/asvspoof2019/LA/LA/ASVspoof2019_LA_train/flac/LA_T_3264459.flac,bonafide,9.757458976157949,0.0014334862353280187
data/asvspoof2019/LA/LA/ASVspoof2019_LA_train/flac/LA_T_8178089.flac,bonafide,9.877303700718127,0.002176616806536913
data/asvspoof2019/LA/LA/ASVspoof2019_LA_train/flac/LA_T_1023546.flac,bonafide,9.845901070062764,0.002135093091055751
data/asvspoof2019/LA/LA/ASVspoof2019_LA_train/flac/LA_T_8275432.flac,bonafide,9.865190188704156,0.001884422148577869
data/asvspoof2019/LA/LA/ASVspoof2019_LA_train/flac/LA_T_3747046.flac,bonafide,9.828197415495817,0.004645270295441151
data/asvspoof2019/LA/LA/ASVspoof2019_LA_train/flac/LA_T_4197596.flac,bonafide,9.726198422738861,0.0009973404230549932
data/asvspoof2019/LA/LA/ASVspoof2019_LA_train/flac/LA_T_5326968.flac,bonafide,9.866890800832483,0.0034539473708719015
data/asvspoof2019/LA/LA/ASVspoof2019_LA_train/flac/LA_T_4630790.flac,bonafide,9.830076193758558,0.004667207598686218
data/asvspoof2019/LA/LA/ASVspoof2019_LA_train/flac/LA_T_4711197.flac,bonafide,9.850385498370777,0.003289473708719015
data/asvspoof2019/LA/LA/ASVspoof2019_LA_train/flac/LA_T_9553112.flac,bonafide,9.805721118673663,0.005639097653329372
data/asvspoof2019/LA/LA/ASVspoof2019_LA_train/flac/LA_T_5696560.flac,bonafide,9.708321055653913,0.0023271276149898767
data/asvspoof2019/LA/LA/ASVspoof2019_LA_train/flac/LA_T_6756969.flac,bonafide,9.795674965201897,0.0009765625
data/asvspoof2019/LA/LA/ASVspoof2019_LA_train/flac/LA_T_1325649.flac,bonafide,9.795521369577004,0.0024245688691735268
data/asvspoof2019/LA/LA/ASVspoof2019_LA_train/flac/LA_T_3545264.flac,bonafide,9.732634051943275,0.0032552082557231188
data/asvspoof2019/LA/LA/ASVspoof2019_LA_train/flac/LA_T_7677120.flac,bonafide,9.825797058625767,0.0049446201883256435
data/asvspoof2019/LA/LA/ASVspoof2019_LA_train/flac/LA_T_1878391.flac,bonafide,9.912702542255325,0.0038831362035125494
data/asvspoof2019/LA/LA/ASVspoof2019_LA_train/flac/LA_T_9779411.flac,bonafide,9.715046949885688,0.0013888889225199819
data/asvspoof2019/LA/LA/ASVspoof2019_LA_train/flac/LA_T_7051313.flac,bonafide,9.820733352257548,0.00492294505238533
data/asvspoof2019/LA/LA/ASVspoof2019_LA_train/flac/LA_T_9398797.flac,bonafide,9.841630244221204,0.003105590119957924
data/asvspoof2019/LA/LA/ASVspoof2019_LA_train/flac/LA_T_1511191.flac,bonafide,9.82041815534294,0.0034215329214930534
data/asvspoof2019/LA/LA/ASVspoof2019_LA_train/flac/LA_T_9166813.flac,bonafide,9.896285562794914,0.00348657020367682
data/asvspoof2019/LA/LA/ASVspoof2019_LA_train/flac/LA_T_4486316.flac,bonafide,9.805839050086565,0.0020833334419876337
data/asvspoof2019/LA/LA/ASVspoof2019_LA_train/flac/LA_T_5900964.flac,bonafide,9.846005663819753,0.0027412280905991793
data/asvspoof2019/LA/LA/ASVspoof2019_LA_train/flac/LA_T_6627080.flac,bonafide,9.756193845546356,0.0024271844886243343
data/asvspoof2019/LA/LA/ASVspoof2019_LA_train/flac/LA_T_7450091.flac,bonafide,9.783342162671333,0.0022321429569274187
data/asvspoof2019/LA/LA/ASVspoof2019_LA_train/flac/LA_T_3751646.flac,bonafide,9.802791800837463,0.0018518518190830946
data/asvspoof2019/LA/LA/ASVspoof2019_LA_train/flac/LA_T_1820050.flac,bonafide,9.779950339652292,0.0026483051478862762
data/asvspoof2019/LA/LA/ASVspoof2019_LA_train/flac/LA_T_5463606.flac,bonafide,9.781083736769814,0.0029761905316263437
data/asvspoof2019/LA/LA/ASVspoof2019_LA_train/flac/LA_T_6212674.flac,bonafide,9.783558558144637,0.0027281746733933687
data/asvspoof2019/LA/LA/ASVspoof2019_LA_train/flac/LA_T_3560086.flac,bonafide,9.799643097987424,0.00244140625
data/asvspoof2019/LA/LA/ASVspoof2019_LA_train/flac/LA_T_8887502.flac,bonafide,9.839248560030688,0.002994012087583542
data/asvspoof2019/LA/LA/ASVspoof2019_LA_train/flac/LA_T_5100132.flac,bonafide,9.753252318870873,0.0018203883664682508
data/asvspoof2019/LA/LA/ASVspoof2019_LA_train/flac/LA_T_3725307.flac,bonafide,9.865958946220577,0.0030139593873173
data/asvspoof2019/LA/LA/ASVspoof2019_LA_train/flac/LA_T_9778924.flac,bonafide,9.75915950625556,0.0018203883664682508
data/asvspoof2019/LA/LA/ASVspoof2019_LA_train/flac/LA_T_1307755.flac,bonafide,9.853397076890575,0.0027736686170101166
data/asvspoof2019/LA/LA/ASVspoof2019_LA_train/flac/LA_T_4898635.flac,bonafide,9.85001051243971,0.0010838150046765804
data/asvspoof2019/LA/LA/ASVspoof2019_LA_train/flac/LA_T_2507487.flac,bonafide,9.82461693510723,0.0031672297045588493
data/asvspoof2019/LA/LA/ASVspoof2019_LA_train/flac/LA_T_4077869.flac,bonafide,9.77798705802588,0.0022123893722891808
data/asvspoof2019/LA/LA/ASVspoof2019_LA_train/flac/LA_T_4667091.flac,bonafide,9.879218648744985,0.0033536585979163647
data/asvspoof2019/LA/LA/ASVspoof2019_LA_train/flac/LA_T_8193150.flac,bonafide,9.874596285478557,0.0036118091084063053
data/asvspoof2019/LA/LA/ASVspoof2019_LA_train/flac/LA_T_7965624.flac,bonafide,9.852235710120693,0.001806358341127634
data/asvspoof2019/LA/LA/ASVspoof2019_LA_train/flac/LA_T_6965985.flac,bonafide,9.909862107368966,0.0024038462433964014
data/asvspoof2019/LA/LA/ASVspoof2019_LA_train/flac/LA_T_6160841.flac,bonafide,9.893471197788774,0.0032283058390021324
data/asvspoof2019/LA/LA/ASVspoof2019_LA_train/flac/LA_T_6275615.flac,bonafide,9.839424714498662,0.0021853146608918905
data/asvspoof2019/LA/LA/ASVspoof2019_LA_train/flac/LA_T_3508808.flac,bonafide,9.808340216537292,0.003935185261070728
data/asvspoof2019/LA/LA/ASVspoof2019_LA_train/flac/LA_T_8419713.flac,bonafide,9.824201516915526,0.002533783670514822
data/asvspoof2019/LA/LA/ASVspoof2019_LA_train/flac/LA_T_9536026.flac,bonafide,9.87564794581301,0.002264492679387331
data/asvspoof2019/LA/LA/ASVspoof2019_LA_train/flac/LA_T_8171933.flac,bonafide,9.850234254228267,0.0036549707874655724
data/asvspoof2019/LA/LA/ASVspoof2019_LA_train/flac/LA_T_3505871.flac,bonafide,9.75600108930446,0.0033783784601837397
data/asvspoof2019/LA/LA/ASVspoof2019_LA_train/flac/LA_T_6686104.flac,bonafide,9.798083882135785,0.0010593220358714461
data/asvspoof2019/LA/LA/ASVspoof2019_LA_train/flac/LA_T_1243533.flac,bonafide,9.835551988578985,0.0022321429569274187
data/asvspoof2019/LA/LA/ASVspoof2019_LA_train/flac/LA_T_2034214.flac,bonafide,9.80674160637112,0.0022810217924416065
data/asvspoof2019/LA/LA/ASVspoof2019_LA_train/flac/LA_T_7422329.flac,bonafide,9.76478905096985,0.0022522523067891598
data/asvspoof2019/LA/LA/ASVspoof2019_LA_train/flac/LA_T_9958393.flac,bonafide,9.832453880259978,0.0030381944961845875
data/asvspoof2019/LA/LA/ASVspoof2019_LA_train/flac/LA_T_3570279.flac,bonafide,9.841789326575796,0.003881987649947405
data/asvspoof2019/LA/LA/ASVspoof2019_LA_train/flac/LA_T_8683526.flac,bonafide,9.78685205207028,0.0018229166744276881
data/asvspoof2019/LA/LA/ASVspoof2019_LA_train/flac/LA_T_4509152.flac,bonafide,9.842146530066293,0.001623376621864736
data/asvspoof2019/LA/LA/ASVspoof2019_LA_train/flac/LA_T_3626619.flac,bonafide,9.854534451129602,0.0019642857369035482
data/asvspoof2019/LA/LA/ASVspoof2019_LA_train/flac/LA_T_3593688.flac,bonafide,9.792633321889888,0.0025845863856375217
data/asvspoof2019/LA/LA/ASVspoof2019_LA_train/flac/LA_T_4654973.flac,bonafide,9.858772092691407,0.0022823032923042774
data/asvspoof2019/LA/LA/ASVspoof2019_LA_train/flac/LA_T_9513704.flac,bonafide,9.808963858522134,0.0010926573304459453
data/asvspoof2019/LA/LA/ASVspoof2019_LA_train/flac/LA_T_8707487.flac,bonafide,9.873508163298478,0.0036118091084063053
data/asvspoof2019/LA/LA/ASVspoof2019_LA_train/flac/LA_T_9549153.flac,bonafide,9.821777219422522,0.001669847290031612
data/asvspoof2019/LA/LA/ASVspoof2019_LA_train/flac/LA_T_9622854.flac,bonafide,9.791607156519424,0.0033653846476227045
data/asvspoof2019/LA/LA/ASVspoof2019_LA_train/flac/LA_T_5322386.flac,bonafide,9.93226196741421,0.0034632731694728136
data/asvspoof2019/LA/LA/ASVspoof2019_LA_train/flac/LA_T_8639228.flac,bonafide,9.895097324637797,0.002794715343043208
data/asvspoof2019/LA/LA/ASVspoof2019_LA_train/flac/LA_T_9382795.flac,bonafide,9.832022696479097,0.0035895269829779863
data/asvspoof2019/LA/LA/ASVspoof2019_LA_train/flac/LA_T_8841091.flac,bonafide,9.811771981719883,0.0040865386836230755
data/asvspoof2019/LA/LA/ASVspoof2019_LA_train/flac/LA_T_7196016.flac,spoof,9.751145157201584,0.002730582607910037
data/asvspoof2019/LA/LA/ASVspoof2019_LA_train/flac/LA_T_2021613.flac,spoof,9.832748027456681,0.0030674845911562443
data/asvspoof2019/LA/LA/ASVspoof2019_LA_train/flac/LA_T_6942847.flac,spoof,9.653303789560521,0.0016891892300918698
data/asvspoof2019/LA/LA/ASVspoof2019_LA_train/flac/LA_T_8159529.flac,spoof,9.798785888388572,0.003276209579780698
data/asvspoof2019/LA/LA/ASVspoof2019_LA_train/flac/LA_T_8367117.flac,spoof,9.84774733494227,0.0018028846243396401
data/asvspoof2019/LA/LA/ASVspoof2019_LA_train/flac/LA_T_4873700.flac,spoof,9.84637368755719,0.0031811376102268696
data/asvspoof2019/LA/LA/ASVspoof2019_LA_train/flac/LA_T_5454842.flac,spoof,9.89727409122914,0.0018465908942744136
data/asvspoof2019/LA/LA/ASVspoof2019_LA_train/flac/LA_T_5820593.flac,spoof,9.87413185842971,0.0033536585979163647
data/asvspoof2019/LA/LA/ASVspoof2019_LA_train/flac/LA_T_5054337.flac,spoof,9.886234636922207,0.00611413037404418
data/asvspoof2019/LA/LA/ASVspoof2019_LA_train/flac/LA_T_1531219.flac,spoof,9.851558802475111,0.002300613559782505
data/asvspoof2019/LA/LA/ASVspoof2019_LA_train/flac/LA_T_1929428.flac,spoof,9.91699865275606,0.002812500111758709
data/asvspoof2019/LA/LA/ASVspoof2019_LA_train/flac/LA_T_3167562.flac,spoof,9.686093630248166,0.002700617304071784
data/asvspoof2019/LA/LA/ASVspoof2019_LA_train/flac/LA_T_9382514.flac,spoof,9.906107605074226,0.0035683391615748405
data/asvspoof2019/LA/LA/ASVspoof2019_LA_train/flac/LA_T_3683064.flac,spoof,9.711089696731028,0.03792475908994675
data/asvspoof2019/LA/LA/ASVspoof2019_LA_train/flac/LA_T_5209238.flac,spoof,9.878385145413764,0.0015914351679384708
data/asvspoof2019/LA/LA/ASVspoof2019_LA_train/flac/LA_T_1217503.flac,spoof,9.805235983938307,0.004398148041218519
data/asvspoof2019/LA/LA/ASVspoof2019_LA_train/flac/LA_T_2191824.flac,spoof,9.8530716311841,0.0018682065419852734
data/asvspoof2019/LA/LA/ASVspoof2019_LA_train/flac/LA_T_4164792.flac,spoof,9.912748531832367,0.004101562313735485
data/asvspoof2019/LA/LA/ASVspoof2019_LA_train/flac/LA_T_7412444.flac,spoof,9.902176384188445,0.003301056334748864
data/asvspoof2019/LA/LA/ASVspoof2019_LA_train/flac/LA_T_6355446.flac,spoof,9.82557088709479,0.0016666667070239782
data/asvspoof2019/LA/LA/ASVspoof2019_LA_train/flac/LA_T_2667116.flac,spoof,9.827345432047974,0.00422297278419137
data/asvspoof2019/LA/LA/ASVspoof2019_LA_train/flac/LA_T_6919433.flac,spoof,9.80134534376203,0.0009842519648373127
data/asvspoof2019/LA/LA/ASVspoof2019_LA_train/flac/LA_T_8953521.flac,spoof,9.7870464354302,0.0018229166744276881
data/asvspoof2019/LA/LA/ASVspoof2019_LA_train/flac/LA_T_3287677.flac,spoof,9.846173859023306,0.0048491377383470535
data/asvspoof2019/LA/LA/ASVspoof2019_LA_train/flac/LA_T_9851170.flac,spoof,9.84388124679144,0.006818181835114956
data/asvspoof2019/LA/LA/ASVspoof2019_LA_train/flac/LA_T_1544826.flac,spoof,9.755765633797711,0.008101851679384708
data/asvspoof2019/LA/LA/ASVspoof2019_LA_train/flac/LA_T_6866613.flac,spoof,9.800895376464695,0.006103515625
data/asvspoof2019/LA/LA/ASVspoof2019_LA_train/flac/LA_T_5379096.flac,spoof,9.839201661874263,0.0078125
data/asvspoof2019/LA/LA/ASVspoof2019_LA_train/flac/LA_T_1957538.flac,spoof,9.74608931043754,0.0017857142956927419
data/asvspoof2019/LA/LA/ASVspoof2019_LA_train/flac/LA_T_8276326.flac,spoof,9.85731138642596,0.0036458333488553762
data/asvspoof2019/LA/LA/ASVspoof2019_LA_train/flac/LA_T_7249621.flac,spoof,9.86050206211917,0.0020833334419876337
data/asvspoof2019/LA/LA/ASVspoof2019_LA_train/flac/LA_T_6030668.flac,spoof,9.797325573492383,0.0024038462433964014
data/asvspoof2019/LA/LA/ASVspoof2019_LA_train/flac/LA_T_2457545.flac,spoof,9.762376011371654,0.009929906576871872
data/asvspoof2019/LA/LA/ASVspoof2019_LA_train/flac/LA_T_9639913.flac,spoof,9.83003530980135,0.003368263365700841
data/asvspoof2019/LA/LA/ASVspoof2019_LA_train/flac/LA_T_8813074.flac,spoof,9.76118577614412,0.004261363763362169
data/asvspoof2019/LA/LA/ASVspoof2019_LA_train/flac/LA_T_3192467.flac,spoof,9.65038418046478,0.006899350788444281
data/asvspoof2019/LA/LA/ASVspoof2019_LA_train/flac/LA_T_9190352.flac,spoof,9.880189668160956,0.0023923444095999002
data/asvspoof2019/LA/LA/ASVspoof2019_LA_train/flac/LA_T_4868092.flac,spoof,9.91727931083152,0.006805981509387493
data/asvspoof2019/LA/LA/ASVspoof2019_LA_train/flac/LA_T_6878620.flac,spoof,9.889755995919959,0.00417564669623971
data/asvspoof2019/LA/LA/ASVspoof2019_LA_train/flac/LA_T_8345097.flac,spoof,9.886420269857432,0.004503275267779827
data/asvspoof2019/LA/LA/ASVspoof2019_LA_train/flac/LA_T_1839608.flac,spoof,9.8882811044421,0.0029829544946551323
data/asvspoof2019/LA/LA/ASVspoof2019_LA_train/flac/LA_T_4847789.flac,spoof,9.84887169897602,0.0027573530096560717
data/asvspoof2019/LA/LA/ASVspoof2019_LA_train/flac/LA_T_5320272.flac,spoof,9.700757104533054,0.002700617304071784
data/asvspoof2019/LA/LA/ASVspoof2019_LA_train/flac/LA_T_9144261.flac,spoof,9.784576655241754,0.003780241822823882
data/asvspoof2019/LA/LA/ASVspoof2019_LA_train/flac/LA_T_4291784.flac,spoof,9.785546728940671,0.0021186440717428923
data/asvspoof2019/LA/LA/ASVspoof2019_LA_train/flac/LA_T_4754759.flac,spoof,9.898473665138106,0.004681174177676439
data/asvspoof2019/LA/LA/ASVspoof2019_LA_train/flac/LA_T_6823968.flac,spoof,9.883626636708406,0.0029428252018988132
data/asvspoof2019/LA/LA/ASVspoof2019_LA_train/flac/LA_T_2942946.flac,spoof,9.81657504882038,0.004875886719673872
data/asvspoof2019/LA/LA/ASVspoof2019_LA_train/flac/LA_T_9395136.flac,spoof,9.70096199252558,0.011067708022892475
data/asvspoof2019/LA/LA/ASVspoof2019_LA_train/flac/LA_T_4244044.flac,spoof,9.901864663807242,0.002266221446916461
data/asvspoof2019/LA/LA/ASVspoof2019_LA_train/flac/LA_T_1926605.flac,spoof,9.686759277559684,0.0029069767333567142
data/asvspoof2019/LA/LA/ASVspoof2019_LA_train/flac/LA_T_5021134.flac,spoof,9.77509413056826,0.001902173855341971
data/asvspoof2019/LA/LA/ASVspoof2019_LA_train/flac/LA_T_8093073.flac,spoof,9.82571328673112,0.006048386916518211
data/asvspoof2019/LA/LA/ASVspoof2019_LA_train/flac/LA_T_1711356.flac,spoof,9.866331020584624,0.0028994844760745764
data/asvspoof2019/LA/LA/ASVspoof2019_LA_train/flac/LA_T_3011280.flac,spoof,9.863006668603251,0.003090659389272332
data/asvspoof2019/LA/LA/ASVspoof2019_LA_train/flac/LA_T_5865525.flac,spoof,9.890121978017515,0.0029380342457443476
data/asvspoof2019/LA/LA/ASVspoof2019_LA_train/flac/LA_T_9108679.flac,spoof,9.874885744923528,0.004422169644385576
data/asvspoof2019/LA/LA/ASVspoof2019_LA_train/flac/LA_T_6071492.flac,spoof,9.865516350100664,0.004464285913854837
data/asvspoof2019/LA/LA/ASVspoof2019_LA_train/flac/LA_T_1050944.flac,spoof,9.855554851128897,0.005151099059730768
data/asvspoof2019/LA/LA/ASVspoof2019_LA_train/flac/LA_T_2338435.flac,spoof,9.740795512232769,0.019111569970846176
data/asvspoof2019/LA/LA/ASVspoof2019_LA_train/flac/LA_T_9969841.flac,spoof,9.926814468680323,0.0014291158877313137
data/asvspoof2019/LA/LA/ASVspoof2019_LA_train/flac/LA_T_2369027.flac,spoof,9.818763699973125,0.0014880952658131719
data/asvspoof2019/LA/LA/ASVspoof2019_LA_train/flac/LA_T_4562769.flac,spoof,9.855279734822286,0.002617801073938608
data/asvspoof2019/LA/LA/ASVspoof2019_LA_train/flac/LA_T_5557943.flac,spoof,9.815521693662106,0.002473021624609828
data/asvspoof2019/LA/LA/ASVspoof2019_LA_train/flac/LA_T_5299003.flac,spoof,9.812212391885378,0.0032106165308505297
data/asvspoof2019/LA/LA/ASVspoof2019_LA_train/flac/LA_T_6866302.flac,spoof,9.83032582442278,0.007011217996478081
data/asvspoof2019/LA/LA/ASVspoof2019_LA_train/flac/LA_T_4844815.flac,spoof,9.751033387303561,0.0030637255404144526
data/asvspoof2019/LA/LA/ASVspoof2019_LA_train/flac/LA_T_7389695.flac,spoof,9.698398882357811,0.004779411945492029
data/asvspoof2019/LA/LA/ASVspoof2019_LA_train/flac/LA_T_4991778.flac,spoof,9.876971336367696,0.0038485222030431032
data/asvspoof2019/LA/LA/ASVspoof2019_LA_train/flac/LA_T_2462718.flac,spoof,9.856079650482727,0.004413841757923365
data/asvspoof2019/LA/LA/ASVspoof2019_LA_train/flac/LA_T_5181234.flac,spoof,9.81403353138559,0.0029653285164386034
data/asvspoof2019/LA/LA/ASVspoof2019_LA_train/flac/LA_T_9027506.flac,spoof,9.851517583957513,0.0028237951919436455
data/asvspoof2019/LA/LA/ASVspoof2019_LA_train/flac/LA_T_8186635.flac,spoof,9.807875801727958,0.0038422131910920143
data/asvspoof2019/LA/LA/ASVspoof2019_LA_train/flac/LA_T_5447517.flac,spoof,9.772554925461375,0.004273504484444857
data/asvspoof2019/LA/LA/ASVspoof2019_LA_train/flac/LA_T_9752029.flac,spoof,9.851035019190519,0.005751533899456263
data/asvspoof2019/LA/LA/ASVspoof2019_LA_train/flac/LA_T_3541347.flac,spoof,9.813439641383749,0.0017730495892465115
data/asvspoof2019/LA/LA/ASVspoof2019_LA_train/flac/LA_T_8055426.flac,spoof,9.796391095505587,0.004498105961829424
data/asvspoof2019/LA/LA/ASVspoof2019_LA_train/flac/LA_T_9056284.flac,spoof,9.906736410291344,0.0028409091755747795
data/asvspoof2019/LA/LA/ASVspoof2019_LA_train/flac/LA_T_3303089.flac,spoof,9.83218288197928,0.0029965753201395273
data/asvspoof2019/LA/LA/ASVspoof2019_LA_train/flac/LA_T_5710203.flac,spoof,9.723910639822462,0.012685643509030342
data/asvspoof2019/LA/LA/ASVspoof2019_LA_train/flac/LA_T_8856200.flac,spoof,9.797325224247125,0.001764112850651145
data/asvspoof2019/LA/LA/ASVspoof2019_LA_train/flac/LA_T_3674915.flac,spoof,9.78487714423957,0.0016891892300918698
data/asvspoof2019/LA/LA/ASVspoof2019_LA_train/flac/LA_T_9492498.flac,spoof,9.778818296345396,0.006734913680702448
data/asvspoof2019/LA/LA/ASVspoof2019_LA_train/flac/LA_T_9274561.flac,spoof,9.6958614653615,0.004986701998859644
data/asvspoof2019/LA/LA/ASVspoof2019_LA_train/flac/LA_T_6785696.flac,spoof,9.944159075593442,0.0034487613011151552
data/asvspoof2019/LA/LA/ASVspoof2019_LA_train/flac/LA_T_9529562.flac,spoof,9.882642271282993,0.005506607703864574
data/asvspoof2019/LA/LA/ASVspoof2019_LA_train/flac/LA_T_1076210.flac,spoof,9.73274577463371,0.0027173913549631834
data/asvspoof2019/LA/LA/ASVspoof2019_LA_train/flac/LA_T_5333693.flac,spoof,9.858894457308233,0.0033244681544601917
data/asvspoof2019/LA/LA/ASVspoof2019_LA_train/flac/LA_T_6904969.flac,spoof,9.796725574874316,0.0022499999031424522
data/asvspoof2019/LA/LA/ASVspoof2019_LA_train/flac/LA_T_8287825.flac,spoof,9.868630345492653,0.007621951401233673
data/asvspoof2019/LA/LA/ASVspoof2019_LA_train/flac/LA_T_2445227.flac,spoof,9.794473587897526,0.005918560549616814
data/asvspoof2019/LA/LA/ASVspoof2019_LA_train/flac/LA_T_9499930.flac,spoof,9.837517353465966,0.0031250000465661287
data/asvspoof2019/LA/LA/ASVspoof2019_LA_train/flac/LA_T_6838646.flac,spoof,9.923243368037292,0.004360465332865715
data/asvspoof2019/LA/LA/ASVspoof2019_LA_train/flac/LA_T_9683366.flac,spoof,9.750049227315653,0.010625000111758709
data/asvspoof2019/LA/LA/ASVspoof2019_LA_train/flac/LA_T_2789947.flac,spoof,9.858304466631058,0.0035621761344373226
data/asvspoof2019/LA/LA/ASVspoof2019_LA_train/flac/LA_T_4307188.flac,spoof,9.90479105108588,0.006503378506749868
data/asvspoof2019/LA/LA/ASVspoof2019_LA_train/flac/LA_T_7136815.flac,spoof,9.778277260987327,0.0019358407007530332
data/asvspoof2019/LA/LA/ASVspoof2019_LA_train/flac/LA_T_6174387.flac,spoof,9.845214784970624,0.0014124293811619282
data/asvspoof2019/LA/LA/ASVspoof2019_LA_train/flac/LA_T_9347890.flac,spoof,9.818142169842005,0.0029017857741564512
data/asvspoof2019/LA/LA/ASVspoof2019_LA_train/flac/LA_T_9683231.flac,spoof,9.844285674070017,0.004436728544533253
data/asvspoof2019/LA/LA/ASVspoof2019_LA_train/flac/LA_T_7670531.flac,spoof,9.518834977501168,0.0022321429569274187
data/asvspoof2019/LA/LA/ASVspoof2019_LA_train/flac/LA_T_4207818.flac,spoof,9.812788935329442,0.004721222911030054
data/asvspoof2019/LA/LA/ASVspoof2019_LA_train/flac/LA_T_3813986.flac,spoof,9.820489627119215,0.0026408450212329626
data/asvspoof2019/LA/LA/ASVspoof2019_LA_train/flac/LA_T_2237022.flac,spoof,9.866530647546675,0.0028248587623238564
data/asvspoof2019/LA/LA/ASVspoof2019_LA_train/flac/LA_T_5105792.flac,spoof,9.907341627683923,0.004625451285392046
data/asvspoof2019/LA/LA/ASVspoof2019_LA_train/flac/LA_T_1054206.flac,spoof,9.829550875246134,0.0025510203558951616
data/asvspoof2019/LA/LA/ASVspoof2019_LA_train/flac/LA_T_8811619.flac,spoof,9.791977492533656,0.0019841270986944437
data/asvspoof2019/LA/LA/ASVspoof2019_LA_train/flac/LA_T_8966163.flac,spoof,9.846159582967926,0.00439189188182354
data/asvspoof2019/LA/LA/ASVspoof2019_LA_train/flac/LA_T_5718643.flac,spoof,9.879488568153361,0.0045072115026414394
data/asvspoof2019/LA/LA/ASVspoof2019_LA_train/flac/LA_T_7814998.flac,spoof,9.823797185356746,0.001266891835257411
data/asvspoof2019/LA/LA/ASVspoof2019_LA_train/flac/LA_T_8126617.flac,spoof,9.872796579252144,0.007850985042750835
data/asvspoof2019/LA/LA/ASVspoof2019_LA_train/flac/LA_T_4608788.flac,spoof,9.90043205559714,0.0055501931346952915
data/asvspoof2019/LA/LA/ASVspoof2019_LA_train/flac/LA_T_7081724.flac,spoof,9.9006851977929,0.0038314175326377153
data/asvspoof2019/LA/LA/ASVspoof2019_LA_train/flac/LA_T_7623077.flac,spoof,9.749627664372829,0.003033980494365096
data/asvspoof2019/LA/LA/ASVspoof2019_LA_train/flac/LA_T_8574954.flac,spoof,9.84310007846542,0.0019290123600512743
data/asvspoof2019/LA/LA/ASVspoof2019_LA_train/flac/LA_T_2233012.flac,spoof,9.681023079684131,0.0015822785208001733
data/asvspoof2019/LA/LA/ASVspoof2019_LA_train/flac/LA_T_6510676.flac,spoof,9.854694628332076,0.0054824561811983585
data/asvspoof2019/LA/LA/ASVspoof2019_LA_train/flac/LA_T_6962997.flac,spoof,9.791455301929137,0.0016957364277914166
data/asvspoof2019/LA/LA/ASVspoof2019_LA_train/flac/LA_T_4973732.flac,spoof,9.883141298569932,0.0029620854184031487
data/asvspoof2019/LA/LA/ASVspoof2019_LA_train/flac/LA_T_9860705.flac,spoof,9.579645904195392,0.0005122950533404946
data/asvspoof2019/LA/LA/ASVspoof2019_LA_train/flac/LA_T_5882239.flac,spoof,9.85058350843725,0.0036337210331112146
data/asvspoof2019/LA/LA/ASVspoof2019_LA_train/flac/LA_T_4583580.flac,spoof,9.77476116537526,0.003502155188471079
data/asvspoof2019/LA/LA/ASVspoof2019_LA_train/flac/LA_T_5770156.flac,spoof,9.690214557900218,0.0024305556435137987
data/asvspoof2019/LA/LA/ASVspoof2019_LA_train/flac/LA_T_3339466.flac,spoof,9.864186291984163,0.002575549529865384
data/asvspoof2019/LA/LA/ASVspoof2019_LA_train/flac/LA_T_4506743.flac,spoof,9.808657992135878,0.0018656715983524919
data/asvspoof2019/LA/LA/ASVspoof2019_LA_train/flac/LA_T_3622175.flac,spoof,9.892448018433505,0.002768987324088812
data/asvspoof2019/LA/LA/ASVspoof2019_LA_train/flac/LA_T_6796337.flac,spoof,9.841063396014855,0.0075158230029046535
data/asvspoof2019/LA/LA/ASVspoof2019_LA_train/flac/LA_T_1471299.flac,spoof,9.90697848881199,0.003918810281902552
data/asvspoof2019/LA/LA/ASVspoof2019_LA_train/flac/LA_T_9858769.flac,spoof,9.90202815521579,0.0029296875
data/asvspoof2019/LA/LA/ASVspoof2019_LA_train/flac/LA_T_7047656.flac,spoof,9.914918235281078,0.003601694945245981
data/asvspoof2019/LA/LA/ASVspoof2019_LA_train/flac/LA_T_4195301.flac,spoof,9.944770226667824,0.0038891921285539865
data/asvspoof2019/LA/LA/ASVspoof2019_LA_train/flac/LA_T_8588493.flac,spoof,9.884782205553723,0.0024563318584114313
data/asvspoof2019/LA/LA/ASVspoof2019_LA_train/flac/LA_T_5192352.flac,spoof,9.715085104670948,0.0038194444496184587
data/asvspoof2019/LA/LA/ASVspoof2019_LA_train/flac/LA_T_8897417.flac,spoof,9.885903081895346,0.0042968750931322575
data/asvspoof2019/LA/LA/ASVspoof2019_LA_train/flac/LA_T_4769657.flac,spoof,9.865932050488436,0.0027624310459941626
data/asvspoof2019/LA/LA/ASVspoof2019_LA_train/flac/LA_T_8944036.flac,spoof,9.811861660574284,0.0069444444961845875
data/asvspoof2019/LA/LA/ASVspoof2019_LA_train/flac/LA_T_5415449.flac,spoof,9.798149392560394,0.0036909449845552444
data/asvspoof2019/LA/LA/ASVspoof2019_LA_train/flac/LA_T_2084488.flac,spoof,9.799515287827331,0.0052083334885537624
data/asvspoof2019/LA/LA/ASVspoof2019_LA_train/flac/LA_T_2618857.flac,spoof,9.803644509686684,0.002264492679387331
data/asvspoof2019/LA/LA/ASVspoof2019_LA_train/flac/LA_T_6749249.flac,spoof,9.903036408379002,0.002076048869639635
data/asvspoof2019/LA/LA/ASVspoof2019_LA_train/flac/LA_T_3652205.flac,spoof,9.856856258827587,0.0033967390190809965
data/asvspoof2019/LA/LA/ASVspoof2019_LA_train/flac/LA_T_2977629.flac,spoof,9.874509406356253,0.0017628205241635442
data/asvspoof2019/LA/LA/ASVspoof2019_LA_train/flac/LA_T_2582329.flac,spoof,9.83335206087827,0.0034722222480922937
data/asvspoof2019/LA/LA/ASVspoof2019_LA_train/flac/LA_T_4880191.flac,spoof,9.864222355602996,0.0037076270673424006
data/asvspoof2019/LA/LA/ASVspoof2019_LA_train/flac/LA_T_9017192.flac,spoof,9.876121884614438,0.002983668353408575
data/asvspoof2019/LA/LA/ASVspoof2019_LA_train/flac/LA_T_6834916.flac,spoof,9.846668372906688,0.004716981202363968
data/asvspoof2019/LA/LA/ASVspoof2019_LA_train/flac/LA_T_9754738.flac,spoof,9.930515590566255,0.004032257944345474
data/asvspoof2019/LA/LA/ASVspoof2019_LA_train/flac/LA_T_2307363.flac,spoof,9.653371942837278,0.010551948100328445
data/asvspoof2019/LA/LA/ASVspoof2019_LA_train/flac/LA_T_5832521.flac,spoof,9.507684676033534,0.005387931130826473
data/asvspoof2019/LA/LA/ASVspoof2019_LA_train/flac/LA_T_6051675.flac,spoof,9.838253089465463,0.003246753243729472
data/asvspoof2019/LA/LA/ASVspoof2019_LA_train/flac/LA_T_2207082.flac,spoof,9.820176607515142,0.001879699295386672
data/asvspoof2019/LA/LA/ASVspoof2019_LA_train/flac/LA_T_3188096.flac,spoof,9.84089481100679,0.0038580247201025486
data/asvspoof2019/LA/LA/ASVspoof2019_LA_train/flac/LA_T_2216491.flac,spoof,9.79511855458613,0.005639097653329372
data/asvspoof2019/LA/LA/ASVspoof2019_LA_train/flac/LA_T_9585536.flac,spoof,9.88955314688009,0.002515889937058091
data/asvspoof2019/LA/LA/ASVspoof2019_LA_train/flac/LA_T_4688550.flac,spoof,9.807387401205304,0.00390625
data/asvspoof2019/LA/LA/ASVspoof2019_LA_train/flac/LA_T_5041786.flac,spoof,9.804463408708179,0.003009259235113859
data/asvspoof2019/LA/LA/ASVspoof2019_LA_train/flac/LA_T_1067682.flac,spoof,9.782455293734404,0.003276209579780698
data/asvspoof2019/LA/LA/ASVspoof2019_LA_train/flac/LA_T_1120947.flac,spoof,9.840572777805782,0.00411676662042737
data/asvspoof2019/LA/LA/ASVspoof2019_LA_train/flac/LA_T_5839871.flac,spoof,9.804829481757258,0.004726890940219164
data/asvspoof2019/LA/LA/ASVspoof2019_LA_train/flac/LA_T_4260225.flac,spoof,9.914746643662998,0.002735690213739872
data/asvspoof2019/LA/LA/ASVspoof2019_LA_train/flac/LA_T_3132165.flac,spoof,9.829478673300958,0.006009615492075682
data/asvspoof2019/LA/LA/ASVspoof2019_LA_train/flac/LA_T_3695313.flac,spoof,9.854007385621452,0.004894578363746405
data/asvspoof2019/LA/LA/ASVspoof2019_LA_train/flac/LA_T_5103030.flac,spoof,9.78774259745207,0.005918560549616814
data/asvspoof2019/LA/LA/ASVspoof2019_LA_train/flac/LA_T_7755568.flac,spoof,9.771543587284015,0.0064484127797186375
data/asvspoof2019/LA/LA/ASVspoof2019_LA_train/flac/LA_T_6493893.flac,spoof,9.83573051275669,0.00846774224191904
data/asvspoof2019/LA/LA/ASVspoof2019_LA_train/flac/LA_T_7271776.flac,spoof,9.79284002230389,0.0030737705528736115
data/asvspoof2019/LA/LA/ASVspoof2019_LA_train/flac/LA_T_7012248.flac,spoof,9.730281103604256,0.004368279594928026
data/asvspoof2019/LA/LA/ASVspoof2019_LA_train/flac/LA_T_6316929.flac,spoof,9.827350326048537,0.0019667833112180233
data/asvspoof2019/LA/LA/ASVspoof2019_LA_train/flac/LA_T_8409710.flac,spoof,9.910009866070617,0.0067290146835148335
data/asvspoof2019/LA/LA/ASVspoof2019_LA_train/flac/LA_T_2179758.flac,spoof,9.79502742792317,0.003101145150139928
data/asvspoof2019/LA/LA/ASVspoof2019_LA_train/flac/LA_T_8618415.flac,spoof,9.805847669858935,0.0074914381839334965
data/asvspoof2019/LA/LA/ASVspoof2019_LA_train/flac/LA_T_5817855.flac,spoof,9.904710573722685,0.0023946359287947416
data/asvspoof2019/LA/LA/ASVspoof2019_LA_train/flac/LA_T_1603993.flac,spoof,9.883276573264062,0.003989361692219973
data/asvspoof2019/LA/LA/ASVspoof2019_LA_train/flac/LA_T_5753625.flac,spoof,9.881526307440716,0.002577319508418441
data/asvspoof2019/LA/LA/ASVspoof2019_LA_train/flac/LA_T_3875936.flac,spoof,9.773643972720599,0.010416666977107525
data/asvspoof2019/LA/LA/ASVspoof2019_LA_train/flac/LA_T_6170947.flac,spoof,9.81993380605833,0.0037150350399315357
data/asvspoof2019/LA/LA/ASVspoof2019_LA_train/flac/LA_T_7974928.flac,spoof,9.650154855089127,0.006859756074845791
data/asvspoof2019/LA/LA/ASVspoof2019_LA_train/flac/LA_T_8378801.flac,spoof,9.893365746535622,0.004501028917729855
data/asvspoof2019/LA/LA/ASVspoof2019_LA_train/flac/LA_T_7070603.flac,spoof,9.86087213618439,0.0022951976861804724
data/asvspoof2019/LA/LA/ASVspoof2019_LA_train/flac/LA_T_9682590.flac,spoof,9.856139111680708,0.00776734109967947
data/asvspoof2019/LA/LA/ASVspoof2019_LA_train/flac/LA_T_3826727.flac,spoof,9.835877502554277,0.0022615131456404924
data/asvspoof2019/LA/LA/ASVspoof2019_LA_train/flac/LA_T_1888093.flac,spoof,9.85120813920421,0.0049793957732617855
data/asvspoof2019/LA/LA/ASVspoof2019_LA_train/flac/LA_T_6556647.flac,spoof,9.735760783736517,0.0015782827977091074
data/asvspoof2019/LA/LA/ASVspoof2019_LA_train/flac/LA_T_2335971.flac,spoof,9.801179369858396,0.008049242198467255
data/asvspoof2019/LA/LA/ASVspoof2019_LA_train/flac/LA_T_2002097.flac,spoof,9.816286100494043,0.0015737409703433514
data/asvspoof2019/LA/LA/ASVspoof2019_LA_train/flac/LA_T_7427268.flac,spoof,9.677187824578997,0.0034298780374228954
data/asvspoof2019/LA/LA/ASVspoof2019_LA_train/flac/LA_T_3950907.flac,spoof,9.848033386740312,0.005434782709926367
data/asvspoof2019/LA/LA/ASVspoof2019_LA_train/flac/LA_T_4144683.flac,spoof,9.802221095440693,0.002314814832061529
data/asvspoof2019/LA/LA/ASVspoof2019_LA_train/flac/LA_T_3962344.flac,spoof,9.888645412146966,0.002682403428480029
data/asvspoof2019/LA/LA/ASVspoof2019_LA_train/flac/LA_T_7503107.flac,spoof,9.82213596070104,0.001669847290031612
data/asvspoof2019/LA/LA/ASVspoof2019_LA_train/flac/LA_T_1340352.flac,spoof,9.82604855444877,0.0026785715017467737
data/asvspoof2019/LA/LA/ASVspoof2019_LA_train/flac/LA_T_1591483.flac,spoof,9.669853606300503,0.008075842633843422
data/asvspoof2019/LA/LA/ASVspoof2019_LA_train/flac/LA_T_8059710.flac,spoof,9.881343904820106,0.002021144377067685
data/asvspoof2019/LA/LA/ASVspoof2019_LA_train/flac/LA_T_7642568.flac,spoof,9.911701572670369,0.006543321069329977
data/asvspoof2019/LA/LA/ASVspoof2019_LA_train/flac/LA_T_6828664.flac,spoof,9.844924300936608,0.0035342262126505375
data/asvspoof2019/LA/LA/ASVspoof2019_LA_train/flac/LA_T_1343294.flac,spoof,9.74525920752768,0.0028409091755747795
data/asvspoof2019/LA/LA/ASVspoof2019_LA_train/flac/LA_T_1129547.flac,spoof,9.823754566215484,0.008266128599643707
data/asvspoof2019/LA/LA/ASVspoof2019_LA_train/flac/LA_T_2059418.flac,spoof,9.776530734900547,0.0038716814015060663
data/asvspoof2019/LA/LA/ASVspoof2019_LA_train/flac/LA_T_9342202.flac,spoof,9.893454640889725,0.0033444815780967474
data/asvspoof2019/LA/LA/ASVspoof2019_LA_train/flac/LA_T_3247320.flac,spoof,9.792208715929178,0.003339694580063224
